STATE,STATEFP,COUNTYFP,COUNTYNS,COUNTYNAME
KS,20,161,00485044,Riley
IA,19,159,00465268,Ringgold
MT,30,009,01720111,Carbon
ID,16,007,00395090,Bear Lake
WI,55,011,01581065,Buffalo
NE,31,185,00835914,York
CO,08,037,00198134,Eagle
PA,42,129,01209191,Westmoreland
OK,40,079,01101827,Le Flore
TX,48,053,01383812,Burnet
NY,36,017,00974107,Chenango
KS,20,109,00485019,Logan
TN,47,053,01639745,Gibson
MN,27,061,00659476,Itasca
MA,25,017,00606935,Middlesex
NY,36,119,00974157,Westchester
SD,46,093,01266991,Meade
WV,54,107,01560558,Wood
IA,19,021,00465200,Buena Vista
TN,47,021,01639731,Cheatham
AR,05,019,00066845,Clark
VA,51,105,01496538,Lee
MN,27,013,00659452,Blue Earth
WY,56,033,01605081,Sheridan
LA,22,087,01629542,St. Bernard
IA,19,015,00465197,Boone
OH,39,035,01074030,Cuyahoga
SC,45,027,01247990,Clarendon
OR,41,035,01155134,Klamath
SC,45,015,01247985,Berkeley
MA,25,005,00606929,Bristol
MA,25,015,00606934,Hampshire
UT,49,025,01448026,Kane
NC,37,127,01008574,Nash
RI,44,007,01219781,Providence
PA,42,111,01209188,Somerset
SC,45,059,01248009,Laurens
TX,48,057,01383814,Calhoun
UT,49,017,01448023,Garfield
TX,48,341,01383956,Moore
MN,27,167,00659528,Wilkin
TX,48,185,01383878,Grimes
AR,05,073,00066864,Lafayette
UT,49,047,01448037,Uintah
WA,53,043,01514052,Lincoln
MA,25,025,00606939,Suffolk
NY,36,025,00974111,Delaware
CA,06,059,00277294,Orange
NY,36,115,00974155,Washington
NC,37,043,01008546,Clay
CA,06,111,00277320,Ventura
SD,46,127,01265763,Union
GA,13,021,01672039,Bibb
OR,41,051,01135861,Multnomah
TX,48,035,01383803,Bosque
IL,17,017,00424210,Cass
GA,13,049,00357747,Charlton
MO,29,033,00758471,Carroll
NE,31,157,00835900,Scotts Bluff
MI,26,119,01623002,Montmorency
CT,09,011,00212799,New London
GA,13,283,00347505,Treutlen
NC,37,119,01008570,Mecklenburg
WV,54,043,01550028,Lincoln
SC,45,035,01247998,Dorchester
NJ,34,041,00882237,Warren
FL,12,095,00295750,Orange
TN,47,001,01639722,Anderson
AR,05,021,00063759,Clay
MD,24,047,01668802,Worcester
MN,27,145,00659517,Stearns
TX,48,471,01384021,Walker
MD,24,003,01710958,Anne Arundel
MT,30,059,01719600,Meagher
LA,22,053,00558039,Jefferson Davis
LA,22,055,00558059,Lafayette
OH,39,043,01074034,Erie
AL,01,033,00161542,Colbert
ND,38,105,01035306,Williams
LA,22,011,00558436,Beauregard
TX,48,407,01383989,San Jacinto
GA,13,309,00351278,Wheeler
GA,13,279,00345220,Toombs
MD,24,033,01714670,Prince George's
MO,29,143,00758526,New Madrid
PA,42,097,01209186,Northumberland
IL,17,129,00424266,Menard
FL,12,125,00306913,Union
MS,28,079,00695763,Leake
NE,31,091,00835867,Hooker
OR,41,043,01135857,Linn
GA,13,077,00326666,Coweta
MO,29,087,00758498,Holt
DE,10,005,00217269,Sussex
CA,06,063,00277296,Plumas
FL,12,069,00308551,Lake
PA,42,131,01209192,Wyoming
VA,51,163,01480166,Rockbridge
LA,22,113,00559538,Vermilion
VA,51,001,01480091,Accomack
VA,51,099,01480137,King George
ND,38,037,01035300,Grant
IN,18,179,00450337,Wells
NV,32,031,00858608,Washoe
ND,38,035,01034218,Grand Forks
IA,19,045,00465211,Clinton
LA,22,119,00559567,Webster
KY,21,093,00516893,Hardin
LA,22,081,00559472,Red River
LA,22,107,00559509,Tensas
TN,47,173,01648583,Union
VA,51,185,01497748,Tazewell
OK,40,087,01101834,McClain
IL,17,109,01784729,McDonough
MN,27,083,00659487,Lyon
SD,46,071,01265794,Jackson
GA,13,153,01671693,Houston
PA,42,051,01209179,Fayette
OR,41,021,01135850,Gilliam
AL,01,051,00161551,Elmore
AR,05,041,00066850,Desha
IL,17,197,01785190,Will
KY,21,119,00516906,Knott
GA,13,183,00326719,Long
AR,05,061,00066872,Howard
FL,12,127,00306921,Volusia
KY,21,025,00516859,Breathitt
KS,20,075,00485327,Hamilton
MN,27,139,00659514,Scott
MN,27,015,00659453,Brown
MN,27,053,00659472,Hennepin
PA,42,027,01214720,Centre
NC,37,147,01008578,Pitt
KY,21,017,00516855,Bourbon
SC,45,043,01248002,Georgetown
WY,56,029,01605079,Park
KY,21,183,00516938,Ohio
ME,23,023,00581297,Sagadahoc
IA,19,175,00465276,Union
KS,20,149,00485038,Pottawatomie
IA,19,023,00465201,Butler
WA,53,021,01531822,Franklin
KY,21,007,00516850,Ballard
SC,45,031,01247992,Darlington
LA,22,031,00558521,De Soto
WA,53,071,01531819,Walla Walla
AL,01,023,00161537,Choctaw
IN,18,157,00450393,Tippecanoe
TX,48,005,01383788,Angelina
CO,08,059,00198145,Jefferson
CO,08,067,00198148,La Plata
VA,51,029,01501502,Buckingham
MI,26,147,01625033,St. Clair
KS,20,031,00484985,Coffey
WV,54,085,01689049,Ritchie
NE,31,007,00835826,Banner
TX,48,443,01384007,Terrell
MS,28,121,00695781,Rankin
AZ,04,015,00025445,Mohave
TX,48,421,01383996,Sherman
MT,30,049,00793926,Lewis and Clark
TX,48,101,01383836,Cottle
VA,51,047,01497831,Culpeper
ID,16,031,00395698,Cassia
CO,08,077,00198154,Mesa
VA,51,179,01480173,Stafford
ID,16,025,00399408,Camas
IA,19,143,00465260,Osceola
VA,51,085,01480132,Hanover
WV,54,021,01689673,Gilmer
OK,40,089,01101835,McCurtain
MS,28,001,00695726,Adams
MS,28,145,00695793,Union
CO,08,035,00198133,Douglas
MI,26,053,01622969,Gogebic
AL,01,109,00161581,Pike
VA,51,009,01480095,Amherst
NJ,34,021,00882229,Mercer
TN,47,003,01639723,Bedford
KY,21,013,00516853,Bell
OK,40,135,01101855,Sequoyah
CA,06,015,01682074,Del Norte
GA,13,163,00345714,Jefferson
FL,12,105,00295747,Polk
WI,55,111,01581115,Sauk
UT,49,051,01448039,Wasatch
OR,41,007,01135846,Clatsop
WV,54,017,01689476,Doddridge
ID,16,077,00394951,Power
MS,28,051,00695749,Holmes
TX,48,481,01384026,Wharton
TX,48,479,01384025,Webb
MS,28,073,00695760,Lamar
MI,26,047,01622966,Emmet
MI,26,103,01622994,Marquette
KY,21,239,00516966,Woodford
TN,47,037,01639737,Davidson
NC,37,007,01008534,Anson
NC,37,031,01026337,Carteret
TN,47,143,01639784,Rhea
MI,26,055,01622970,Grand Traverse
IN,18,071,00451678,Jackson
NJ,34,007,00882273,Camden
NC,37,163,01026131,Sampson
TX,48,223,01383897,Hopkins
KY,21,203,00516948,Rockcastle
WV,54,011,01550012,Cabell
GA,13,261,00343504,Sumter
CO,08,043,00198137,Fremont
WV,54,071,01550042,Pendleton
ID,16,023,00401703,Butte
MO,29,113,00758511,Lincoln
WV,54,047,01689162,McDowell
KS,20,067,00485099,Grant
FL,12,119,00295740,Sumter
VA,51,131,01480151,Northampton
TX,48,387,01383979,Red River
TX,48,377,01383974,Presidio
NE,31,009,00835827,Blaine
WV,54,033,01718426,Harrison
AK,02,090,01419969,Fairbanks North Star
AL,01,041,00161546,Crenshaw
SD,46,055,01266988,Haakon
SD,46,123,01265784,Tripp
NC,37,131,01008575,Northampton
VA,51,017,01673638,Bath
FL,12,073,00306916,Leon
MT,30,069,01719590,Petroleum
KY,21,063,00516878,Elliott
WI,55,019,01581069,Clark
ID,16,005,00395091,Bannock
SC,45,073,01244832,Oconee
VA,51,081,01501122,Greensville
CO,08,023,00198127,Costilla
NE,31,005,00835825,Arthur
LA,22,043,00558567,Grant
GA,13,313,00353513,Whitfield
MT,30,099,01720018,Teton
KY,21,229,00516961,Washington
LA,22,057,00558065,Lafourche
NE,31,103,00835873,Keya Paha
MS,28,131,00695786,Stone
TX,48,501,01384036,Yoakum
WY,56,013,01605072,Fremont
MD,24,025,01698178,Harford
CA,06,023,01681908,Humboldt
KS,20,069,00485001,Gray
GA,13,019,00326638,Berrien
NC,37,053,01026125,Currituck
GA,13,319,00346824,Wilkinson
TN,47,065,01639749,Hamilton
ID,16,013,00395696,Blaine
TN,47,097,01639763,Lauderdale
CA,06,043,00277286,Mariposa
LA,22,099,01629486,St. Martin
KY,21,089,00516891,Greenup
KY,21,071,00516882,Floyd
UT,49,023,01455158,Juab
CO,08,091,00198161,Ouray
ND,38,053,01035299,McKenzie
MD,24,015,00596115,Cecil
GA,13,263,00326757,Talbot
KY,21,107,00516900,Hopkins
TX,48,193,01383882,Hamilton
TX,48,389,01383980,Reeves
GA,13,315,00345499,Wilcox
GA,13,229,00349086,Pierce
TN,47,049,01639743,Fentress
FL,12,047,00295736,Hamilton
WA,53,041,01531927,Lewis
CO,08,001,00198116,Adams
GA,13,265,00347654,Taliaferro
GA,13,311,00326781,White
MI,26,141,01623013,Presque Isle
OK,40,013,01101794,Bryan
AR,05,093,00069899,Mississippi
TN,47,187,01639801,Williamson
TX,48,227,01383899,Howard
AL,01,107,00161580,Pickens
TN,47,009,01639726,Blount
OR,41,005,01155127,Clackamas
LA,22,075,00558125,Plaquemines
TX,48,267,01383919,Kimble
NC,37,103,01026338,Jones
ID,16,069,00399394,Nez Perce
MO,29,019,00758464,Boone
TX,48,015,01383793,Austin
LA,22,123,00559578,West Carroll
NC,37,085,01008560,Harnett
GA,13,249,00344129,Schley
MT,30,085,01669428,Roosevelt
GA,13,075,00343878,Cook
VA,51,137,01494761,Orange
VA,51,187,01674058,Warren
KY,21,011,00516852,Bath
TX,48,207,01383889,Haskell
TX,48,383,01383977,Reagan
TN,47,119,01639772,Maury
CO,08,111,00198171,San Juan
TX,48,301,01383936,Loving
MT,30,089,01719578,Sanders
WV,54,057,01717890,Mineral
TN,47,127,01648579,Moore
TN,47,167,01639795,Tipton
VA,51,199,01480182,York
TX,48,213,01383892,Henderson
CT,09,001,00212794,Fairfield
TX,48,329,01383950,Midland
TN,47,035,01639736,Cumberland
TN,47,079,01639755,Henry
TN,47,121,01639775,Meigs
TN,47,149,01639787,Rutherford
FL,12,093,00295760,Okeechobee
TN,47,117,01639771,Marshall
TN,47,163,01639793,Sullivan
TN,47,031,01639735,Coffee
GA,13,209,00352276,Montgomery
TX,48,043,01383807,Brewster
TX,48,039,01383805,Brazoria
MA,25,023,00606938,Plymouth
SC,45,003,01247979,Aiken
KS,20,071,00485002,Greeley
TX,48,465,01384018,Val Verde
NY,36,075,00974136,Oswego
ND,38,095,01034213,Towner
IL,17,031,01784766,Cook
CA,06,037,00277283,Los Angeles
OH,39,095,01074060,Lucas
WV,54,059,01550036,Mingo
OH,39,127,01074076,Perry
SD,46,041,01266994,Dewey
AZ,04,005,00025443,Coconino
TX,48,125,01383848,Dickens
AR,05,001,00063755,Arkansas
IA,19,177,00465277,Van Buren
MN,27,023,00659457,Chippewa
AL,01,087,00161569,Macon
AR,05,069,00066862,Jefferson
AR,05,091,00069166,Miller
CA,06,065,00277297,Riverside
CA,06,101,00277315,Sutter
CA,06,113,00277321,Yolo
CO,08,065,00198149,Lake
PA,42,005,01213658,Armstrong
GA,13,133,00348672,Greene
TX,48,289,01383930,Leon
KS,20,163,00485045,Rooks
WA,53,005,01513302,Benton
SC,45,009,01247982,Bamberg
WA,53,011,01531820,Clark
VA,51,097,01480136,King and Queen
ND,38,017,01034226,Cass
TX,48,037,01383804,Bowie
PA,42,041,01209176,Cumberland
MT,30,057,01720033,Madison
MA,25,027,00606940,Worcester
GA,13,219,00356774,Oconee
TX,48,023,01383797,Baylor
VA,51,037,01492442,Charlotte
ND,38,005,01034216,Benson
MT,30,071,01720023,Phillips
MN,27,089,00659489,Marshall
MN,27,163,00659526,Washington
TX,48,229,01383900,Hudspeth
OR,41,061,01164165,Union
ID,16,027,00399406,Canyon
FL,12,071,00295758,Lee
MO,29,099,00758504,Jefferson
GA,13,267,00347445,Tattnall
UT,49,019,01448024,Grand
MI,26,137,01623011,Otsego
NC,37,069,01008553,Franklin
NY,36,067,00974132,Onondaga
MS,28,143,00695792,Tunica
ID,16,029,00395406,Caribou
TX,48,139,01383856,Ellis
ID,16,083,00399334,Twin Falls
WV,54,031,01718557,Hardy
FL,12,001,00308548,Alachua
ME,23,025,00581298,Somerset
OR,41,003,01155126,Benton
LA,22,117,00559557,Washington
VA,51,133,01480152,Northumberland
ID,16,043,00395408,Fremont
PA,42,095,01209185,Northampton
TX,48,025,01383798,Bee
MO,29,207,00758556,Stoddard
KS,20,133,00485030,Neosho
OK,40,075,01101825,Kiowa
MD,24,011,00595737,Caroline
CA,06,033,00277281,Lake
CA,06,039,00277284,Madera
CA,06,099,00277314,Stanislaus
SC,45,079,01249299,Richland
SC,45,021,01247987,Cherokee
FL,12,077,00308549,Liberty
NH,33,017,00873182,Strafford
NC,37,033,01008542,Caswell
WV,54,067,01550040,Nicholas
NE,31,071,00835857,Garfield
MD,24,023,01711058,Garrett
LA,22,101,01629492,St. Mary
FL,12,097,00295748,Osceola
HI,15,009,00365283,Maui
OH,39,061,01074043,Hamilton
IN,18,061,00451677,Harrison
IA,19,063,00465220,Emmet
TX,48,203,01383887,Harrison
PA,42,127,01213692,Wayne
MT,30,083,01715338,Richland
KS,20,195,00485058,Trego
VA,51,145,01674225,Powhatan
VA,51,031,01674917,Campbell
WA,53,031,01531936,Jefferson
VT,50,027,01461770,Windsor
NC,37,121,01008571,Mitchell
PA,42,031,01210234,Clarion
AR,05,037,00066848,Cross
SC,45,005,01247980,Allendale
WA,53,055,01531931,San Juan
NY,36,113,00974154,Warren
NC,37,049,01026123,Craven
NC,37,055,01026133,Dare
NY,36,051,00974124,Livingston
IN,18,021,00450341,Clay
MO,29,189,00758549,St. Louis
MO,29,195,00758550,Saline
NJ,34,011,00882275,Cumberland
NJ,34,019,00882228,Hunterdon
WY,56,035,01605082,Sublette
VA,51,103,01480139,Lancaster
IL,17,027,00424215,Clinton
TX,48,103,01383837,Crane
WI,55,057,01581088,Juneau
GA,13,245,00358024,Richmond
NC,37,047,01026339,Columbus
NC,37,111,01025836,McDowell
WY,56,027,01605078,Niobrara
NY,36,009,00974103,Cattaraugus
MO,29,031,00758470,Cape Girardeau
MN,27,173,00659531,Yellow Medicine
WY,56,025,01605077,Natrona
MA,25,009,00606931,Essex
CO,08,005,00198118,Arapahoe
GA,13,171,00326713,Lamar
SC,45,017,01247986,Calhoun
GA,13,007,00342832,Baker
ID,16,073,00399760,Owyhee
TN,47,029,01639734,Cocke
PA,42,103,01213683,Pike
PA,42,099,01213682,Perry
MS,28,083,00695765,Leflore
PA,42,067,01209180,Juniata
CA,06,081,00277305,San Mateo
UT,49,043,01448035,Summit
OR,41,033,01155133,Josephine
TN,47,147,01639786,Robertson
IN,18,149,00450389,Starke
KS,20,057,00484997,Ford
VA,51,059,01480119,Fairfax
AR,05,015,00066975,Carroll
MN,27,073,00659482,Lac qui Parle
MN,27,027,00659459,Clay
LA,22,045,00558576,Iberia
MN,27,107,00659499,Norman
VA,51,089,01502770,Henry
ME,23,007,00581289,Franklin
MN,27,069,00659480,Kittson
WI,55,131,01581125,Washington
SC,45,057,01248008,Lancaster
VA,51,003,01675170,Albemarle
SC,45,051,01248005,Horry
LA,22,013,00558445,Bienville
KY,21,043,00516868,Carter
TX,48,469,01384020,Victoria
WI,55,075,01581097,Marinette
IA,19,083,00465230,Hardin
CA,06,041,00277285,Marin
AR,05,121,00069178,Randolph
GA,13,157,00349570,Jackson
VA,51,069,01480124,Frederick
NJ,34,013,00882276,Essex
TX,48,199,01383885,Hardin
KS,20,131,00485029,Nemaha
AZ,04,007,00040471,Gila
AR,05,117,00069176,Prairie
TX,48,435,01384003,Sutton
TX,48,239,01383905,Jackson
KY,21,217,00516955,Taylor
CA,06,079,00277304,San Luis Obispo
NY,36,105,00974150,Sullivan
OR,41,023,01135851,Grant
TX,48,269,01383920,King
GA,13,031,00350302,Bulloch
AR,05,017,00069160,Chicot
TX,48,311,01383947,McMullen
CO,08,033,00198132,Dolores
PA,42,033,01209175,Clearfield
ID,16,085,00399756,Valley
UT,49,015,01448022,Emery
WA,53,053,01529159,Pierce
WV,54,095,01678706,Tyler
NY,36,059,00974128,Nassau
TX,48,027,01383799,Bell
MD,24,029,00593907,Kent
NC,37,095,01008564,Hyde
SC,45,053,01248006,Jasper
IN,18,175,00451665,Washington
IN,18,051,00450354,Gibson
AR,05,025,00063760,Cleveland
VA,51,117,01500747,Mecklenburg
GA,13,291,00353193,Union
GA,13,301,00347777,Warren
NV,32,001,00858638,Churchill
NY,36,013,00974105,Chautauqua
AR,05,133,00069182,Sevier
KS,20,023,00484981,Cheyenne
VA,51,033,01480107,Caroline
TX,48,353,01383962,Nolan
NC,37,065,01008551,Edgecombe
TN,47,045,01639741,Dyer
AL,01,055,00161553,Etowah
AL,01,131,00161591,Wilcox
AL,01,035,00161543,Conecuh
TX,48,127,01383849,Dimmit
KY,21,165,00516929,Menifee
AL,01,115,00164997,St. Clair
CO,08,063,00198147,Kit Carson
IL,17,043,00422191,DuPage
MI,26,003,01622944,Alger
OR,41,001,01135845,Baker
IN,18,027,00450343,Daviess
CO,08,113,00198172,San Miguel
PA,42,123,01213691,Warren
VA,51,153,01480161,Prince William
KY,21,125,00516909,Laurel
AR,05,107,00069172,Phillips
TX,48,107,01383839,Crosby
KY,21,139,00516916,Livingston
KY,21,159,00516923,Martin
TX,48,087,01383829,Collingsworth
IA,19,027,00465203,Carroll
AR,05,085,00069164,Lonoke
TX,48,091,01383831,Comal
TN,47,093,01639761,Knox
ME,23,003,00581287,Aroostook
VA,51,067,01494434,Franklin
KS,20,095,00485012,Kingman
CA,06,007,01675842,Butte
MA,25,001,00606927,Barnstable
KS,20,001,00484970,Allen
NC,37,107,01008568,Lenoir
AL,01,025,00161538,Clarke
VA,51,181,01480174,Surry
TX,48,287,01383929,Lee
WA,53,067,01529226,Thurston
AR,05,109,00069173,Pike
IL,17,189,01785150,Washington
MN,27,119,00659505,Polk
NC,37,115,01025834,Madison
MN,27,097,00659494,Morrison
PA,42,049,01209178,Erie
MI,26,115,01623000,Monroe
WA,53,025,01531924,Grant
AL,01,111,00161582,Randolph
CA,06,021,00277275,Glenn
SC,45,049,01248004,Hampton
MI,26,099,01622992,Macomb
VA,51,109,01494707,Louisa
MI,26,063,01622974,Huron
MD,24,041,00592947,Talbot
MN,27,129,00659510,Renville
WI,55,037,01581078,Florence
KY,21,069,00516881,Fleming
LA,22,105,00559500,Tangipahoa
TX,48,001,01383786,Anderson
IN,18,125,00450381,Pike
ND,38,097,01034221,Traill
SD,46,009,01266997,Bon Homme
TX,48,009,01383790,Archer
IA,19,035,00465207,Cherokee
AR,05,039,00066849,Dallas
MO,29,171,00758540,Putnam
MS,28,013,00695731,Calhoun
WV,54,025,01557518,Greenbrier
AZ,04,025,00042809,Yavapai
GA,13,025,00351605,Brantley
MI,26,029,01622957,Charlevoix
OK,40,145,01101860,Wagoner
NY,36,029,00974113,Erie
KY,21,123,00516908,Larue
AL,01,113,00161583,Russell
NC,37,141,01026129,Pender
MT,30,027,01719614,Fergus
MT,30,063,01719596,Missoula
VA,51,053,01690739,Dinwiddie
WV,54,005,01550009,Boone
AR,05,081,00066874,Little River
IN,18,137,00450385,Ripley
TX,48,061,01383816,Cameron
AL,01,101,00161577,Montgomery
VA,51,073,01480126,Gloucester
MS,28,151,00695796,Washington
GA,13,073,00348865,Columbia
MT,30,077,01720021,Powell
TX,48,437,01384004,Swisher
FL,12,123,00295728,Taylor
FL,12,013,00306919,Calhoun
ID,16,003,00395067,Adams
GA,13,213,01688005,Murray
KY,21,029,00516861,Bullitt
TX,48,109,01383840,Culberson
MD,24,045,01668606,Wicomico
NC,37,079,01008557,Greene
KY,21,231,00516962,Wayne
TX,48,141,01383855,El Paso
KY,21,109,00516901,Jackson
ND,38,055,01034232,McLean
VA,51,036,01480109,Charles City
GA,13,217,01673547,Newton
NY,36,061,00974129,New York
TN,47,155,01639789,Sevier
KY,21,061,00516877,Edmonson
CA,06,095,00277312,Solano
OR,41,047,01135859,Marion
TN,47,073,01639752,Hawkins
KS,20,053,00484996,Ellsworth
LA,22,017,00558458,Caddo
TN,47,151,01639788,Scott
TN,47,159,01639791,Smith
MT,30,007,01719625,Broadwater
TX,48,195,01383883,Hansford
CA,06,001,01675839,Alameda
LA,22,109,00559517,Terrebonne
LA,22,029,00558515,Concordia
SC,45,091,01248019,York
AZ,04,027,00023901,Yuma
FL,12,037,00306911,Franklin
FL,12,029,00295725,Dixie
HI,15,003,00365281,Honolulu
CA,06,061,00277295,Placer
FL,12,133,00295762,Washington
TN,47,055,01639746,Giles
HI,15,001,00365280,Hawaii
TX,48,379,01383975,Rains
FL,12,129,00306912,Wakulla
GA,13,271,00356958,Telfair
IN,18,159,00450394,Tipton
AL,01,129,00161590,Washington
CA,06,055,00277292,Napa
WV,54,073,01678557,Pleasants
NC,37,099,01008566,Jackson
TX,48,051,01383811,Burleson
GA,13,103,00350219,Effingham
TX,48,431,01384001,Sterling
TX,48,063,01383817,Camp
CO,08,031,00198131,Denver
MS,28,089,00695768,Madison
WV,54,087,01550050,Roane
WV,54,027,01718644,Hampshire
FL,12,131,00295727,Walton
WV,54,103,01717836,Wetzel
WV,54,083,01550048,Randolph
KY,21,209,00516951,Scott
NC,37,149,01008579,Polk
CO,08,051,00198141,Gunnison
CA,06,057,01682927,Nevada
VA,51,610,01498423,Falls Church
CA,06,069,00277299,San Benito
VA,51,075,01674271,Goochland
KY,21,121,00516907,Knox
NM,35,017,00915980,Grant
NM,35,021,00933055,Harding
NC,37,059,01008549,Davie
CO,08,049,00198140,Grand
MO,29,069,00758489,Dunklin
MO,29,183,00758546,St. Charles
GA,13,237,00347246,Putnam
LA,22,073,00558114,Ouachita
TX,48,187,01383879,Guadalupe
TX,48,491,01384031,Williamson
OH,39,123,01074074,Ottawa
AK,02,275,02516402,Wrangell
MT,30,051,01720036,Liberty
CA,06,077,00277303,San Joaquin
ID,16,059,00399754,Lemhi
GA,13,141,00348209,Hancock
LA,22,025,00558495,Catahoula
MD,24,021,01711211,Frederick
MT,30,035,01719607,Glacier
NC,37,159,01008583,Rowan
WA,53,061,01529222,Snohomish
MD,24,027,01709077,Howard
GA,13,113,01687740,Fayette
AL,01,097,00161575,Mobile
MD,24,043,01714220,Washington
VA,51,005,01673675,Alleghany
CA,06,013,01675903,Contra Costa
NE,31,077,00835860,Greeley
TX,48,073,01383822,Cherokee
NY,36,063,00974130,Niagara
NY,36,081,00974139,Queens
VA,51,167,01497573,Russell
NV,32,015,00863368,Lander
WA,53,065,01531930,Stevens
OR,41,045,01135858,Malheur
AK,02,122,01419972,Kenai Peninsula
TX,48,495,01384033,Winkler
NC,37,117,01026328,Martin
GA,13,215,00357428,Muscogee
WA,53,077,01531929,Yakima
MT,30,015,01719619,Chouteau
WA,53,033,01531933,King
LA,22,033,00558530,East Baton Rouge
ND,38,019,01035304,Cavalier
AL,01,089,00161570,Madison
NC,37,113,01025833,Macon
NC,37,039,01008545,Cherokee
VA,51,155,01501465,Pulaski
NC,37,161,01008584,Rutherford
ND,38,059,01034207,Morton
TX,48,081,01383826,Coke
GA,13,107,00347508,Emanuel
VA,51,113,01494590,Madison
TX,48,029,01383800,Bexar
VA,51,125,01500936,Nelson
TN,47,025,01639733,Claiborne
IL,17,097,01784796,Lake
TN,47,081,01639756,Hickman
GA,13,251,00350204,Screven
WA,53,045,01529221,Mason
NC,37,199,01008598,Yancey
AK,02,066,02804401,Copper River
PA,42,071,01209181,Lancaster
MN,27,137,00662850,St. Louis
IN,18,089,00450495,Lake
TX,48,075,01383823,Childress
MS,28,049,00695748,Hinds
NY,36,031,00974114,Essex
PA,42,063,01213673,Indiana
NV,32,011,00858640,Eureka
HI,15,007,00365282,Kauai
TN,47,105,01639767,Loudon
NC,37,083,01008559,Halifax
MO,29,029,00758469,Camden
TX,48,161,01383866,Freestone
VA,51,177,01480172,Spotsylvania
MI,26,041,01622963,Delta
VA,51,195,01496656,Wise
OH,39,107,01074066,Mercer
OK,40,113,01101844,Osage
IA,19,189,00465283,Winnebago
TX,48,261,01383916,Kenedy
MN,27,011,00659451,Big Stone
IL,17,153,01784966,Pulaski
ME,23,031,00581301,York
WI,55,051,01581085,Iron
MD,24,019,00596495,Dorchester
AR,05,147,00069907,Woodruff
MI,26,083,01622984,Keweenaw
KY,21,237,00516965,Wolfe
CO,08,019,00198125,Clear Creek
AR,05,013,00063758,Calhoun
KY,21,177,00516935,Muhlenberg
AK,02,185,01419978,North Slope
TX,48,089,01383830,Colorado
MI,26,071,01622978,Iron
MT,30,003,01716521,Big Horn
AK,02,110,01419971,Juneau
KY,21,115,00516904,Johnson
NM,35,051,01702370,Sierra
KY,21,027,00516860,Breckinridge
AL,01,095,00161574,Marshall
LA,22,063,00558083,Livingston
ME,23,021,00581296,Piscataquis
MT,30,001,01719627,Beaverhead
AL,01,073,00161562,Jefferson
MD,24,009,01676636,Calvert
LA,22,091,01629457,St. Helena
TN,47,033,01648574,Crockett
LA,22,077,00559449,Pointe Coupee
AL,01,069,00161560,Houston
AL,01,063,00161557,Greene
OR,41,019,01135849,Douglas
IN,18,065,00450359,Henry
LA,22,021,00558477,Caldwell
FL,12,007,00303634,Bradford
NY,36,047,00974122,Kings
MT,30,029,01719611,Flathead
MT,30,093,01719575,Silver Bow
AL,01,005,00161528,Barbour
CA,06,103,01692767,Tehama
AK,02,050,01419966,Bethel
LA,22,041,00558557,Franklin
AK,02,100,01419970,Haines
CA,06,089,01682610,Shasta
GA,13,001,00349113,Appling
WA,53,007,01531932,Chelan
MD,24,001,01713506,Allegany
AL,01,091,00161572,Marengo
NC,37,125,01008573,Moore
SD,46,117,01266998,Stanley
NY,36,065,00974131,Oneida
VA,51,161,01480165,Roanoke
WV,54,013,01696945,Calhoun
CO,08,015,00198123,Chaffee
AK,02,164,01419975,Lake and Peninsula
PA,42,061,01213672,Huntingdon
TX,48,205,01383888,Hartley
AL,01,085,00161568,Lowndes
AR,05,099,00069169,Nevada
AR,05,075,00066865,Lawrence
CA,06,107,00277318,Tulare
CA,06,071,00277300,San Bernardino
ID,16,039,00400252,Elmore
WI,55,043,01581081,Grant
SC,45,071,01248013,Newberry
TX,48,155,01383863,Foard
TN,47,059,01639747,Greene
SC,45,063,01244251,Lexington
OR,41,055,01135863,Sherman
NY,36,103,00974149,Suffolk
TX,48,393,01383982,Roberts
MT,30,047,01796943,Lake
TN,47,157,01639790,Shelby
RI,44,005,01219779,Newport
LA,22,085,00559489,Sabine
IA,19,091,00465234,Humboldt
NH,33,007,00873177,Coos
WA,53,075,01533501,Whitman
MI,26,013,01622949,Baraga
MD,24,035,00596089,Queen Anne's
MA,25,013,00606933,Hampden
MA,25,021,00606937,Norfolk
ME,23,015,00581293,Lincoln
SC,45,061,01245652,Lee
TX,48,167,01383869,Galveston
UT,49,035,01448031,Salt Lake
VA,51,007,01497770,Amelia
NC,37,023,01008539,Burke
CA,06,097,01657246,Sonoma
TX,48,395,01383983,Robertson
VT,50,009,01461761,Essex
VA,51,139,01500440,Page
NC,37,133,01026341,Onslow
GA,13,139,01686953,Hall
NC,37,015,01026334,Bertie
NY,36,077,00974137,Otsego
FL,12,031,00293656,Duval
NJ,34,005,00882272,Burlington
TX,48,245,01383908,Jefferson
MN,27,077,00659483,Lake of the Woods
VA,51,147,01492359,Prince Edward
CA,06,025,00277277,Imperial
CO,08,029,00198130,Delta
DE,10,001,00217271,Kent
FL,12,033,00295737,Escambia
TX,48,457,01384014,Tyler
IA,19,111,00465244,Lee
TX,48,215,01383893,Hidalgo
TX,48,413,01383992,Schleicher
NV,32,027,00858646,Pershing
LA,22,111,00559528,Union
GA,13,317,00351265,Wilkes
GA,13,305,00350608,Wayne
AL,01,001,00161526,Autauga
SC,45,055,01248007,Kershaw
VA,51,149,01480160,Prince George
IA,19,147,00465262,Palo Alto
AK,02,020,01416061,Anchorage
LA,22,115,00559548,Vernon
WA,53,015,01529156,Cowlitz
CO,08,109,00198170,Saguache
MT,30,105,01678923,Valley
TX,48,441,01384006,Taylor
FL,12,089,00295730,Nassau
IN,18,069,00450361,Huntington
TX,48,373,01383972,Polk
ID,16,079,01702379,Shoshone
VA,51,175,01480171,Southampton
MO,29,205,00758555,Shelby
TN,47,175,01648584,Van Buren
TN,47,185,01639800,White
TN,47,041,01639738,DeKalb
UT,49,029,01448028,Morgan
KY,21,205,00516949,Rowan
KY,21,079,00516886,Garrard
LA,22,071,00558113,Orleans
VA,51,840,01789077,Winchester
KY,21,181,00516937,Nicholas
MN,27,171,00659530,Wright
NY,36,043,00974120,Herkimer
CO,08,117,00198174,Summit
TX,48,315,01383940,Marion
TN,47,123,01639776,Monroe
TX,48,219,01383895,Hockley
AR,05,011,00063757,Bradley
AR,05,103,00069170,Ouachita
CT,09,007,00212797,Middlesex
TX,48,277,01383925,Lamar
KS,20,003,00484971,Anderson
PA,42,035,01214721,Clinton
LA,22,059,00558049,LaSalle
NC,37,137,01023355,Pamlico
MS,28,029,00695739,Copiah
SC,45,019,01252740,Charleston
FL,12,009,00295749,Brevard
MO,29,095,00758502,Jackson
AR,05,139,00069903,Union
WV,54,019,01560095,Fayette
IN,18,161,00450395,Union
AR,05,029,00066846,Conway
NC,37,123,01008572,Montgomery
FL,12,086,00295755,Miami-Dade
VA,51,193,01480179,Westmoreland
CA,06,027,01804637,Inyo
CA,06,053,00277291,Monterey
NM,35,039,01702368,Rio Arriba
VA,51,171,01673918,Shenandoah
PA,42,003,01213657,Allegheny
IA,19,033,00465206,Cerro Gordo
NY,36,045,00974121,Jefferson
CT,09,009,00212798,New Haven
TX,48,171,01383871,Gillespie
AZ,04,021,00025447,Pinal
CA,06,093,00277311,Siskiyou
MD,24,031,01712500,Montgomery
AL,01,117,00161584,Shelby
OR,41,065,01155136,Wasco
WV,54,045,01550029,Logan
TX,48,401,01383986,Rusk
IL,17,003,00424203,Alexander
AK,02,188,01419979,Northwest Arctic
ME,23,027,00581299,Waldo
NC,37,193,01008595,Wilkes
TX,48,129,01383850,Donley
KY,21,179,00516936,Nelson
WV,54,023,01697238,Grant
NY,36,053,00974125,Madison
GA,13,051,01694477,Chatham
ND,38,077,01035302,Richland
LA,22,009,00558424,Avoyelles
AK,02,195,02516404,Petersburg
TX,48,349,01383960,Navarro
OK,40,133,01101854,Seminole
WA,53,027,01531823,Grays Harbor
MD,24,017,01676992,Charles
TX,48,071,01383821,Chambers
FL,12,053,00295751,Hernando
WA,53,017,01531818,Douglas
MS,28,017,00695733,Chickasaw
KY,21,097,00516895,Harrison
VA,51,019,01674818,Bedford
LA,22,079,00559460,Rapides
NJ,34,025,00882910,Monmouth
NM,35,007,00929117,Colfax
MS,28,137,00695789,Tate
MN,27,075,00659484,Lake
TX,48,391,01383981,Refugio
MS,28,033,00695741,DeSoto
CA,06,017,00277273,El Dorado
MT,30,045,01719602,Judith Basin
OK,40,101,01101838,Muskogee
KY,21,059,00516876,Daviess
MS,28,109,00695777,Pearl River
CA,06,003,01675840,Alpine
MS,28,163,00695802,Yazoo
MD,24,013,01696228,Carroll
TN,47,091,01639760,Johnson
CO,08,055,00198143,Huerfano
UT,49,037,01448032,San Juan
OK,40,065,01101820,Jackson
TN,47,089,01639759,Jefferson
KY,21,189,00516941,Owsley
FL,12,107,00306910,Putnam
WI,55,023,01581071,Crawford
OK,40,031,01101803,Comanche
FL,12,023,00306909,Columbia
IN,18,083,00450366,Knox
SC,45,025,01247989,Chesterfield
NC,37,009,01008535,Ashe
VA,51,057,01480118,Essex
AK,02,240,01419983,Southeast Fairbanks
WI,55,003,01581061,Ashland
NC,37,019,01026340,Brunswick
SD,46,125,01265770,Turner
NV,32,033,00858615,White Pine
SC,45,007,01247981,Anderson
UT,49,005,01448017,Cache
WV,54,109,01550061,Wyoming
AR,05,045,00066852,Faulkner
WV,54,039,01550026,Kanawha
GA,13,135,01688166,Gwinnett
OK,40,025,01101800,Cimarron
IN,18,001,00450401,Adams
LA,22,097,01629479,St. Landry
VA,51,121,01674630,Montgomery
TX,48,313,01383939,Madison
AK,02,290,01419987,Yukon-Koyukuk
MT,30,011,01688746,Carter
LA,22,005,00558403,Ascension
SC,45,041,01248001,Florence
WA,53,009,01531341,Clallam
KY,21,065,00516879,Estill
TX,48,453,01384012,Travis
MO,29,197,00758551,Schuyler
LA,22,015,00558453,Bossier
GA,13,029,00350496,Bryan
GA,13,303,00348428,Washington
NC,37,171,01008587,Surry
MS,28,021,00695735,Claiborne
SD,46,095,01267177,Mellette
TX,48,335,01383953,Mitchell
MT,30,039,01719605,Granite
LA,22,035,00558534,East Carroll
CO,08,069,00198150,Larimer
KS,20,143,00485035,Ottawa
SC,45,045,01245489,Greenville
LA,22,037,00558542,East Feliciana
KS,20,009,00484974,Barton
ID,16,061,00395622,Lewis
AK,02,070,01419968,Dillingham
UT,49,011,01448020,Davis
NM,35,055,00933056,Taos
TX,48,449,01384010,Titus
MT,30,033,01716058,Garfield
TX,48,459,01384015,Upshur
CA,06,047,00277288,Merced
NY,36,071,00974134,Orange
IN,18,147,00450388,Spencer
SD,46,047,01265787,Fall River
MA,25,011,00606932,Franklin
VA,51,083,01496705,Halifax
VA,51,095,01480135,James City
ID,16,041,00395585,Franklin
SC,45,083,01248592,Spartanburg
OH,39,167,01074095,Washington
PA,42,045,01209177,Delaware
CO,08,093,00198162,Park
NC,37,051,01026124,Cumberland
MT,30,031,01720053,Gallatin
LA,22,039,00558551,Evangeline
IA,19,093,00465235,Ida
AL,01,009,00161530,Blount
LA,22,001,00558389,Acadia
VA,51,191,01498359,Washington
NC,37,021,01008538,Buncombe
ME,23,017,00581294,Oxford
NH,33,009,00873178,Grafton
ID,16,037,00399758,Custer
NC,37,139,01026330,Pasquotank
ND,38,067,01034212,Pembina
TX,48,175,01383873,Goliad
IA,19,149,00465263,Plymouth
WV,54,081,01550047,Raleigh
OK,40,067,01101821,Jefferson
MI,26,143,01623014,Roscommon
GA,13,185,00326720,Lowndes
IL,17,047,00424225,Edwards
MS,28,087,00695767,Lowndes
PA,42,091,01213680,Montgomery
PA,42,053,01213669,Forest
MT,30,013,01719622,Cascade
PA,42,017,01209173,Bucks
TX,48,405,01383988,San Augustine
OR,41,017,01155130,Deschutes
ND,38,099,01034214,Walsh
CO,08,071,00198151,Las Animas
CO,08,057,00198144,Jackson
TX,48,303,01383937,Lubbock
GA,13,289,00345456,Twiggs
FL,12,049,00295746,Hardee
TX,48,409,01383990,San Patricio
WV,54,075,01550044,Pocahontas
PA,42,101,01209187,Philadelphia
VA,51,023,01674418,Botetourt
WA,53,019,01531821,Ferry
KY,21,101,00516897,Henderson
WV,54,065,01557950,Morgan
TX,48,225,01383898,Houston
GA,13,205,00343645,Mitchell
MT,30,081,01719582,Ravalli
WA,53,047,01531928,Okanogan
TN,47,141,01639783,Putnam
SC,45,075,01248014,Orangeburg
AR,05,095,00069167,Monroe
KY,21,193,00516943,Perry
LA,22,083,00559481,Richland
ID,16,087,00399757,Washington
AL,01,099,00161576,Monroe
LA,22,051,00558027,Jefferson
OH,39,121,01074073,Noble
AK,02,282,01419986,Yakutat
SD,46,075,01266981,Jones
SC,45,085,01244717,Sumter
NC,37,029,01026335,Camden
WY,56,031,01605080,Platte
VA,51,157,01673976,Rappahannock
SC,45,067,01248010,Marion
TX,48,403,01383987,Sabine
MT,30,005,01722470,Blaine
CO,08,045,00198138,Garfield
NC,37,155,01026130,Robeson
TX,48,347,01383959,Nacogdoches
TX,48,067,01383819,Cass
GA,13,201,00344088,Miller
MO,29,037,00758473,Cass
KY,21,005,00516849,Anderson
FL,12,017,00295752,Citrus
KY,21,051,00516872,Clay
CA,06,005,01675841,Amador
GA,13,089,01687424,DeKalb
NC,37,173,01008588,Swain
CO,08,053,00198142,Hinsdale
KY,21,003,00516848,Allen
LA,22,127,00559594,Winn
TN,47,189,01639802,Wilson
FL,12,117,00303665,Seminole
MS,28,039,00695744,George
FL,12,039,00306918,Gadsden
KY,21,033,00516863,Caldwell
NM,35,033,01702367,Mora
CO,08,027,00198129,Custer
AK,02,220,01419981,Sitka
LA,22,125,00559584,West Feliciana
RI,44,009,01219782,Washington
VA,51,063,01494354,Floyd
PA,42,133,01209193,York
KS,20,119,00485024,Meade
NC,37,093,01008563,Hoke
GA,13,013,00356976,Barrow
FL,12,045,00306917,Gulf
GA,13,027,00345518,Brooks
NE,31,013,00835991,Box Butte
AR,05,003,00063756,Ashley
AR,05,007,00069896,Benton
KY,21,127,00516910,Lawrence
CA,06,009,01675885,Calaveras
SD,46,137,01266993,Ziebach
KS,20,203,00485062,Wichita
VA,51,061,01480120,Fauquier
TX,48,045,01383808,Briscoe
KS,20,081,00485328,Haskell
TX,48,201,01383886,Harris
MN,27,165,00659527,Watonwan
LA,22,065,00558088,Madison
OH,39,117,01074071,Morrow
NY,36,111,00974153,Ulster
CA,06,085,00277307,Santa Clara
AZ,04,009,00025444,Graham
MO,29,063,00758486,DeKalb
NV,32,003,00863600,Clark
FL,12,121,00295729,Suwannee
NC,37,091,01026127,Hertford
TX,48,343,01383957,Morris
TN,47,107,01639773,McMinn
GA,13,079,00342918,Crawford
TX,48,371,01383971,Pecos
SD,46,073,01265778,Jerauld
FL,12,065,00295733,Jefferson
TN,47,165,01639794,Sumner
GA,13,033,00347944,Burke
KS,20,079,00485005,Harvey
PA,42,089,01209184,Monroe
VA,51,165,01488970,Rockingham
VA,51,159,01480164,Richmond
NC,37,027,01008541,Caldwell
TX,48,241,01383906,Jasper
NE,31,049,00835846,Deuel
SD,46,111,01266977,Sanborn
UT,49,013,01448021,Duchesne
VA,51,141,01497999,Patrick
KY,21,031,00516862,Butler
CA,06,087,00277308,Santa Cruz
MD,24,005,01695314,Baltimore
VA,51,119,01480147,Middlesex
NJ,34,031,00882232,Passaic
CA,06,083,00277306,Santa Barbara
VA,51,111,01492239,Lunenburg
SC,45,047,01248003,Greenwood
NE,31,155,00835899,Saunders
GA,13,241,00351489,Rabun
VA,51,091,01673774,Highland
KY,21,151,00516919,Madison
MI,26,129,01623007,Ogemaw
MN,27,031,00659461,Cook
MO,29,023,00758466,Butler
MS,28,157,00695799,Wilkinson
GA,13,137,00351383,Habersham
GA,13,151,01671894,Henry
WA,53,029,01513272,Island
TN,47,057,01648575,Grainger
PA,42,043,01213667,Dauphin
KY,21,195,00516944,Pike
TX,48,333,01383952,Mills
NJ,34,003,00882271,Bergen
KY,21,175,00516934,Morgan
NC,37,129,01026329,New Hanover
AZ,04,013,00037026,Maricopa
AL,01,049,00161550,DeKalb
AK,02,150,01419974,Kodiak Island
NC,37,183,01008592,Wake
CA,06,051,00277290,Mono
TX,48,233,01383902,Hutchinson
NC,37,013,01026333,Beaufort
TN,47,013,01639728,Campbell
WY,56,039,01605083,Teton
MD,24,037,01697853,St. Mary's
MT,30,023,01719617,Deer Lodge
TX,48,041,01383806,Brazos
FL,12,075,00295724,Levy
PA,42,023,01213663,Cameron
WV,54,041,01550027,Lewis
FL,12,057,00295757,Hillsborough
WA,53,049,01513274,Pacific
KS,20,025,00484982,Clark
NC,37,167,01025844,Stanly
AL,01,071,00161561,Jackson
MS,28,159,00695800,Winston
DC,11,001,01702382,District of Columbia
FL,12,103,00295745,Pinellas
TX,48,411,01383991,San Saba
SD,46,103,01266995,Pennington
MT,30,087,01716795,Rosebud
VA,51,087,01480133,Henrico
PA,42,125,01209190,Washington
TX,48,359,01383965,Oldham
MI,26,097,01622991,Mackinac
SC,45,087,01248017,Union
TX,48,427,01383999,Starr
KS,20,123,00485026,Mitchell
TX,48,105,01383838,Crockett
TX,48,467,01384019,Van Zandt
MA,25,007,00606930,Dukes
MN,27,103,00659497,Nicollet
VA,51,093,01702378,Isle of Wight
MI,26,089,01622987,Leelanau
CO,08,115,00198173,Sedgwick
UT,49,007,01448018,Carbon
WA,53,073,01529224,Whatcom
GA,13,179,00357095,Liberty
TX,48,351,01383961,Newton
AZ,04,001,00025441,Apache
VA,51,041,01480111,Chesterfield
OK,40,023,01101799,Choctaw
GA,13,195,01688004,Madison
KY,21,147,00516926,McCreary
VA,51,027,01497431,Buchanan
KY,21,085,00516889,Grayson
NC,37,057,01008548,Davidson
MI,26,033,01622959,Chippewa
CA,06,073,00277301,San Diego
IN,18,123,00451682,Perry
TX,48,017,01383794,Bailey
MS,28,055,00695751,Issaquena
CA,06,105,00277317,Trinity
VA,51,101,01480138,King William
NJ,34,009,00882274,Cape May
KY,21,235,00516964,Whitley
IA,19,029,00465204,Cass
ND,38,085,01034208,Sioux
KY,21,095,00516894,Harlan
NC,37,017,01026336,Bladen
KY,21,099,00516896,Hart
TX,48,169,01383870,Garza
TX,48,033,01383802,Borden
AK,02,170,01419976,Matanuska-Susitna
TN,47,135,01639781,Perry
ID,16,033,00399755,Clark
PA,42,075,01214034,Lebanon
TX,48,475,01384023,Ward
OR,41,031,01155132,Jefferson
FL,12,083,00306922,Marion
UT,49,033,01448030,Rich
TN,47,129,01639778,Morgan
NC,37,087,01008561,Haywood
VT,50,023,01461768,Washington
WI,55,121,01581120,Trempealeau
TX,48,157,01383864,Fort Bend
MO,29,157,00758533,Perry
TX,48,321,01383943,Matagorda
ME,23,009,00581290,Hancock
GA,13,269,00344156,Taylor
OK,40,117,01101846,Pawnee
GA,13,189,00348794,McDuffie
LA,22,103,01629503,St. Tammany
AR,05,057,00066858,Hempstead
SD,46,023,01266976,Charles Mix
KY,21,153,00516920,Magoffin
WI,55,007,01581063,Bayfield
TX,48,013,01383792,Atascosa
NC,37,101,01026327,Johnston
WV,54,099,01550056,Wayne
TN,47,005,01639724,Benton
TX,48,499,01384035,Wood
TX,48,083,01383827,Coleman
KY,21,135,00516914,Lewis
VA,51,051,01497376,Dickenson
NJ,34,023,00882230,Middlesex
OK,40,095,01101832,Marshall
TX,48,031,01383801,Blanco
FL,12,055,00295756,Highlands
NC,37,089,01008562,Henderson
TX,48,339,01383955,Montgomery
MN,27,127,00659509,Redwood
NJ,34,027,00882231,Morris
OR,41,015,01155129,Curry
AL,01,003,00161527,Baldwin
TX,48,079,01383825,Cochran
MT,30,061,01720030,Mineral
ID,16,015,00395157,Boise
MT,30,025,01688745,Fallon
MD,24,039,00596907,Somerset
WI,55,029,01581074,Door
KY,21,155,00516921,Marion
AL,01,047,00161549,Dallas
GA,13,191,00356886,McIntosh
TN,47,063,01648576,Hamblen
SD,46,035,01266980,Davison
ID,16,049,00395699,Idaho
AR,05,063,00069163,Independence
FL,12,027,00294452,DeSoto
KY,21,187,00516940,Owen
MI,26,163,01623022,Wayne
OR,41,039,01135855,Lane
VA,51,143,01480157,Pittsylvania
MT,30,043,01720045,Jefferson
WV,54,007,01550010,Braxton
TX,48,455,01384013,Trinity
AL,01,119,00161585,Sumter
TX,48,419,01383995,Shelby
AZ,04,012,00043540,La Paz
KS,20,113,00485021,McPherson
CA,06,019,00277274,Fresno
KS,20,055,00485326,Finney
TN,47,085,01639757,Humphreys
NC,37,153,01008581,Richmond
AK,02,180,01419977,Nome
PA,42,059,01214033,Greene
MO,29,027,00758468,Callaway
SD,46,007,01265812,Bennett
LA,22,067,00558097,Morehouse
NC,37,165,01008585,Scotland
CO,08,095,00198163,Phillips
OK,40,141,01101858,Tillman
FL,12,113,00306914,Santa Rosa
NM,35,029,00933057,Luna
FL,12,079,00295731,Madison
FL,12,041,00303633,Gilchrist
ND,38,071,01034215,Ramsey
MI,26,079,01622982,Kalkaska
AR,05,131,00069181,Sebastian
VA,51,015,01480098,Augusta
OK,40,125,01101850,Pottawatomie
MI,26,109,01622997,Menominee
ID,16,063,00395624,Lincoln
NM,35,045,00936844,San Juan
TX,48,007,01383789,Aransas
CO,08,083,00198157,Montezuma
NY,36,091,00974143,Saratoga
NH,33,015,00873181,Rockingham
AR,05,145,00069906,White
AL,01,121,00161586,Talladega
MT,30,053,01720038,Lincoln
TX,48,323,01383944,Maverick
KS,20,185,00485054,Stafford
MS,28,069,00695758,Kemper
TN,47,145,01639785,Roane
TX,48,355,01383963,Nueces
VA,51,127,01480150,New Kent
NJ,34,001,00882270,Atlantic
GA,13,039,01671316,Camden
MS,28,149,00695795,Warren
KY,21,067,00516880,Fayette
SD,46,085,01265789,Lyman
SC,45,029,01247991,Colleton
KY,21,131,00516912,Leslie
OK,40,027,01101801,Cleveland
VA,51,690,01789072,Martinsville
GA,13,009,00345255,Baldwin
IA,19,163,00465270,Scott
GA,13,181,01688000,Lincoln
MS,28,007,00695728,Attala
NJ,34,033,00882233,Salem
MI,26,039,01622962,Crawford
IA,19,117,00465247,Lucas
IN,18,117,00451681,Orange
IA,19,069,00465223,Franklin
IN,18,055,00451676,Greene
MI,26,073,01622979,Isabella
OH,39,159,01074091,Union
IA,19,135,00465256,Monroe
AR,05,009,00069897,Boone
MI,26,023,01622954,Branch
PA,42,009,01209171,Bedford
PA,42,121,01213690,Venango
GA,13,233,00343585,Polk
KY,21,197,00516945,Powell
MN,27,081,00659486,Lincoln
OH,39,099,01074062,Mahoning
NM,35,023,00929106,Hidalgo
WV,54,001,01696996,Barbour
MS,28,053,00695750,Humphreys
AR,05,067,00066861,Jackson
IL,17,185,00424293,Wabash
UT,49,001,01448015,Beaver
TX,48,473,01384022,Waller
AL,01,043,00161547,Cullman
AK,02,158,01419985,Kusilvak
SC,45,065,01248012,McCormick
CA,06,011,01675902,Colusa
CA,06,045,00277287,Mendocino
SD,46,087,01265773,McCook
NC,37,177,01026332,Tyrrell
NY,36,033,00974115,Franklin
KS,20,139,00485033,Osage
WI,55,115,01581117,Shawano
CA,06,029,02054176,Kern
MO,29,217,00758561,Vernon
WI,55,095,01581108,Polk
DE,10,003,00217270,New Castle
FL,12,087,00295759,Monroe
SC,45,069,01248011,Marlboro
AL,01,065,00161558,Hale
WA,53,035,01529223,Kitsap
KS,20,135,00485031,Ness
WI,55,001,01581060,Adams
TX,48,361,01383966,Orange
GA,13,121,01694833,Fulton
KY,21,133,00516913,Letcher
TX,48,119,01383846,Delta
TX,48,173,01383872,Glasscock
CO,08,013,00198122,Boulder
MN,27,021,00659456,Cass
MO,29,041,00758475,Chariton
IL,17,143,01784920,Peoria
WI,55,045,01581082,Green
LA,22,027,00558505,Claiborne
MI,26,157,01623019,Tuscola
KY,21,039,00516866,Carlisle
SD,46,099,01265772,Minnehaha
SD,46,061,01266979,Hanson
PA,42,079,01209183,Luzerne
IL,17,033,00424218,Crawford
MN,27,079,00659485,Le Sueur
MN,27,091,00659490,Martin
WI,55,005,01581062,Barron
ND,38,009,01034227,Bottineau
WI,55,053,01581086,Jackson
MO,29,159,00758534,Pettis
OH,39,091,01074058,Logan
SD,46,005,01266986,Beadle
IN,18,105,00451680,Monroe
IA,19,055,00465216,Delaware
IA,19,067,00465222,Floyd
AR,05,087,00069165,Madison
SD,46,039,01265781,Deuel
UT,49,057,01448042,Weber
MI,26,153,01623017,Schoolcraft
VT,50,025,01461769,Windham
IN,18,017,00450339,Cass
WY,56,021,01605075,Laramie
MN,27,059,00659475,Isanti
TX,48,263,01383917,Kent
WV,54,105,01678877,Wirt
OH,39,067,01074046,Harrison
OH,39,065,01074045,Hardin
NE,31,003,00835824,Antelope
NC,37,081,01008558,Guilford
SD,46,101,01265775,Moody
MI,26,027,01622956,Cass
NV,32,023,00863599,Nye
NY,36,011,00974104,Cayuga
ME,23,011,00581291,Kennebec
MO,29,117,00758513,Livingston
TX,48,069,01383820,Castro
WY,56,009,01605070,Converse
OR,41,025,01135852,Harney
OR,41,069,01135865,Wheeler
UT,49,055,01448041,Wayne
WI,55,085,01581103,Oneida
IN,18,091,00450507,LaPorte
NC,37,195,01008596,Wilson
ND,38,041,01034209,Hettinger
RI,44,003,01219778,Kent
NE,31,123,00835883,Morrill
OH,39,113,01074069,Montgomery
UT,49,009,01448019,Daggett
NC,37,025,01008540,Cabarrus
MO,29,007,00758458,Audrain
OH,39,063,01074044,Hancock
MO,29,151,00758530,Osage
NE,31,001,00835823,Adams
NV,32,019,00858645,Lyon
MT,30,107,01719560,Wheatland
AR,05,049,00066854,Fulton
WI,55,141,01581130,Wood
AR,05,047,00066853,Franklin
IL,17,055,00424229,Franklin
IL,17,029,00424216,Coles
WI,55,067,01581093,Langlade
MS,28,113,00711758,Pike
MO,29,107,00758508,Lafayette
GA,13,015,00351604,Bartow
MO,29,011,00758460,Barton
PA,42,073,01213676,Lawrence
MO,29,121,00758514,Macon
GA,13,143,00350637,Haralson
IL,17,053,00424228,Ford
PA,42,069,01213675,Lackawanna
OH,39,103,01074064,Medina
GA,13,173,00348102,Lanier
IL,17,025,00424214,Clay
MI,26,017,01622951,Bay
OH,39,075,01074050,Holmes
GA,13,239,00350547,Quitman
NY,36,101,00974148,Steuben
WV,54,035,01559963,Jackson
ND,38,061,01035307,Mountrail
IL,17,201,01785216,Winnebago
NE,31,043,00835843,Dakota
KS,20,093,00485011,Kearny
MO,29,043,00758476,Christian
IN,18,077,00450363,Jefferson
TX,48,049,01383810,Brown
MN,27,049,00659470,Goodhue
NC,37,037,01008544,Chatham
NM,35,028,01702366,Los Alamos
AR,05,005,00069895,Baxter
MS,28,119,00695780,Quitman
AL,01,029,00161540,Cleburne
TX,48,117,01383845,Deaf Smith
MN,27,001,00663198,Aitkin
PA,42,037,01213665,Columbia
MN,27,117,00659504,Pipestone
TX,48,399,01383985,Runnels
GA,13,223,00349912,Paulding
OK,40,011,01101793,Blaine
TX,48,417,01383994,Shackelford
NY,36,085,00974141,Richmond
TN,47,083,01648578,Houston
TN,47,181,01639798,Wayne
AK,02,013,01419964,Aleutians East
TX,48,281,01383927,Lampasas
MO,29,073,00758491,Gasconade
ME,23,029,00581300,Washington
GA,13,321,00343365,Worth
IL,17,093,00424248,Kendall
VA,51,800,01498560,Suffolk
MI,26,051,01622968,Gladwin
VA,51,750,01498438,Radford
MO,29,079,00758494,Grundy
IN,18,009,00450404,Blackford
NY,36,041,00974119,Hamilton
MA,25,019,00606936,Nantucket
TX,48,165,01383868,Gaines
ND,38,029,01035615,Emmons
OR,41,037,01135854,Lake
IA,19,137,00465257,Montgomery
NM,35,013,00929109,Doña Ana
OK,40,035,01101805,Craig
WI,55,069,01581094,Lincoln
OK,40,143,01101859,Tulsa
AL,01,081,00161566,Lee
TN,47,133,01639780,Overton
OK,40,139,01101857,Texas
TX,48,447,01384009,Throckmorton
IA,19,095,00465236,Iowa
MI,26,075,01622980,Jackson
MO,29,103,00758506,Knox
AL,01,013,00161532,Butler
TX,48,217,01383894,Hill
TN,47,061,01639748,Grundy
FL,12,111,00308372,St. Lucie
NE,31,083,00835863,Harlan
NE,31,107,00835875,Knox
NV,32,510,00863219,Carson City
IN,18,183,00450369,Whitley
TX,48,357,01383964,Ochiltree
GA,13,037,00344074,Calhoun
TN,47,069,01639750,Hardeman
HI,15,005,01702380,Kalawao
GA,13,081,00351607,Crisp
VA,51,740,01498556,Portsmouth
OK,40,029,01101802,Coal
CO,08,007,00198119,Archuleta
MO,29,091,00758500,Howell
NE,31,017,00835830,Brown
NY,36,099,00974147,Seneca
IL,17,087,00424245,Johnson
OK,40,057,01101816,Harmon
AR,05,055,00066857,Greene
TX,48,253,01383912,Jones
ND,38,069,01034230,Pierce
IN,18,143,00450386,Scott
OK,40,137,01101856,Stephens
TN,47,177,01639796,Warren
GA,13,061,00344805,Clay
KY,21,083,00516888,Graves
NE,31,047,00835845,Dawson
NC,37,073,01026126,Gates
MI,26,125,01623005,Oakland
WI,55,071,01581095,Manitowoc
GA,13,207,00343073,Monroe
MS,28,031,00695740,Covington
OK,40,151,01101863,Woods
AL,01,045,00161548,Dale
IL,17,135,01784866,Montgomery
IL,17,173,01785051,Shelby
OH,39,033,01074029,Crawford
OK,40,097,01101833,Mayes
WI,55,049,01581084,Iowa
IA,19,025,00465202,Calhoun
TX,48,477,01384024,Washington
VA,51,770,01498439,Roanoke
GA,13,199,00346892,Meriwether
ID,16,017,00395158,Bonner
NH,33,013,00873180,Merrimack
IL,17,139,01784885,Moultrie
OK,40,001,01101788,Adair
AL,01,061,00161556,Geneva
NE,31,179,00835911,Wayne
CO,08,125,00198178,Yuma
KS,20,137,00485032,Norton
TX,48,439,01384005,Tarrant
TX,48,209,01383890,Hays
GA,13,175,00346568,Laurens
PA,42,057,01213671,Fulton
IL,17,163,01784987,St. Clair
KY,21,045,00516869,Casey
MI,26,093,01622989,Livingston
KY,21,047,00516870,Christian
NE,31,133,00835888,Pawnee
LA,22,061,00558077,Lincoln
IN,18,025,00451674,Crawford
AR,05,119,00069177,Pulaski
MO,29,225,00758565,Webster
TX,48,423,01383997,Smith
IA,19,013,00465196,Black Hawk
KY,21,173,00516933,Montgomery
NE,31,113,00835878,Logan
GA,13,063,01672399,Clayton
TX,48,021,01383796,Bastrop
IA,19,109,00465243,Kossuth
MN,27,109,00659500,Olmsted
IN,18,029,00450344,Dearborn
OH,39,031,01074028,Coshocton
SD,46,105,01266990,Perkins
TX,48,059,01383815,Callahan
VT,50,003,01461758,Bennington
MS,28,025,00695737,Clay
KS,20,167,00485046,Russell
TN,47,051,01639744,Franklin
TX,48,135,01383853,Ector
TN,47,111,01639768,Macon
MO,29,013,00758461,Bates
TX,48,293,01383932,Limestone
TX,48,319,01383942,Mason
TN,47,161,01639792,Stewart
NM,35,027,00929116,Lincoln
IA,19,197,00465287,Wright
IN,18,011,00450405,Boone
IL,17,049,00424226,Effingham
TX,48,047,01383809,Brooks
WA,53,069,01513275,Wahkiakum
TN,47,131,01639779,Obion
KS,20,169,00485047,Saline
KY,21,207,00516950,Russell
IL,17,133,01784865,Monroe
MI,26,161,01623021,Washtenaw
NY,36,021,00974109,Columbia
OH,39,015,01074020,Brown
FL,12,109,00308371,St. Johns
KS,20,085,00485007,Jackson
FL,12,003,00306920,Baker
OK,40,081,01101828,Lincoln
GA,13,095,00351259,Dougherty
FL,12,035,00308547,Flagler
TN,47,153,01652643,Sequatchie
PA,42,021,01213662,Cambria
IN,18,053,00450355,Grant
WI,55,031,01581075,Douglas
NY,36,121,00974158,Wyoming
IN,18,093,00451703,Lawrence
OK,40,019,01101797,Carter
LA,22,007,00558414,Assumption
TN,47,067,01648577,Hancock
WA,53,063,01529225,Spokane
TX,48,445,01384008,Terry
OR,41,063,01155135,Wallowa
UT,49,049,01448038,Utah
MI,26,019,01622952,Benzie
IL,17,183,01785114,Vermilion
KS,20,019,00484979,Chautauqua
WI,55,027,01581073,Dodge
IA,19,121,00465249,Madison
KS,20,089,00485009,Jewell
VA,51,011,01497238,Appomattox
OH,39,169,01074096,Wayne
NE,31,125,00835884,Nance
NE,31,097,00835870,Johnson
NE,31,101,00835872,Keith
MT,30,041,01720048,Hill
IL,17,095,00424249,Knox
NC,37,145,01008577,Person
SD,46,067,01265771,Hutchinson
WV,54,061,01550037,Monongalia
OK,40,093,01101831,Major
NE,31,135,00835889,Perkins
FL,12,051,00307626,Hendry
IL,17,099,00422247,LaSalle
KY,21,113,00516903,Jessamine
NM,35,061,00933052,Valencia
AR,05,027,00063761,Columbia
OK,40,009,01101792,Beckham
TX,48,237,01383904,Jack
MN,27,131,00659511,Rice
SD,46,081,01266996,Lawrence
SD,46,015,01265768,Brule
VA,51,043,01690562,Clarke
TX,48,211,01383891,Hemphill
ND,38,007,01035616,Billings
OH,39,157,01074090,Tuscarawas
MO,29,089,00758499,Howard
OK,40,105,01101840,Nowata
OR,41,041,01135856,Lincoln
MO,29,071,00758490,Franklin
OK,40,129,01101852,Roger Mills
ND,38,003,01034225,Barnes
PA,42,113,01213687,Sullivan
IL,17,107,00424255,Logan
IN,18,087,00450368,LaGrange
MS,28,135,00695788,Tallahatchie
AR,05,097,00069168,Montgomery
VA,51,173,01500545,Smyth
UT,49,027,01448027,Millard
TX,48,483,01384027,Wheeler
MS,28,003,00711755,Alcorn
AL,01,031,00161541,Coffee
VA,51,620,01498424,Franklin
ME,23,005,00581288,Cumberland
IL,17,001,00424202,Adams
IN,18,079,00450364,Jennings
MN,27,067,00659479,Kandiyohi
IL,17,011,00424207,Bureau
MO,29,125,00758516,Maries
WI,55,065,01581092,Lafayette
OK,40,041,01101808,Delaware
MO,29,209,00758557,Stone
TX,48,143,01383857,Erath
VT,50,013,01461763,Grand Isle
WI,55,129,01581124,Washburn
OH,39,133,01074079,Portage
IA,19,019,00465199,Buchanan
WI,55,099,01581110,Price
IL,17,059,00424231,Gallatin
KY,21,221,00516957,Trigg
NE,31,163,00835903,Sherman
TN,47,011,01639727,Bradley
IL,17,151,00424277,Pope
IA,19,101,00465239,Jefferson
IA,19,125,00465251,Marion
OH,39,151,01065576,Stark
IA,19,047,00465212,Crawford
MS,28,115,00695803,Pontotoc
AK,02,130,01419973,Ketchikan Gateway
OH,39,125,01074075,Paulding
IN,18,075,00450362,Jay
ND,38,027,01034222,Eddy
AR,05,053,00066856,Grant
MI,26,057,01622971,Gratiot
NE,31,109,00835876,Lancaster
NE,31,039,00835841,Cuming
IL,17,119,00424258,Madison
NE,31,167,00835905,Stanton
VA,51,790,01789075,Staunton
OK,40,083,01101829,Logan
SD,46,049,01265760,Faulk
MO,29,153,00758531,Ozark
KS,20,099,00485014,Labette
MS,28,155,00695798,Webster
CO,08,061,00198146,Kiowa
NE,31,121,00835882,Merrick
AK,02,198,01419980,Prince of Wales-Hyder
KS,20,041,00484990,Dickinson
TX,48,093,01383832,Comanche
ND,38,063,01034217,Nelson
MO,29,186,00765806,Ste. Genevieve
OH,39,047,01074036,Fayette
VA,51,540,01789068,Charlottesville
CO,08,099,00198165,Prowers
PA,42,065,01213674,Jefferson
KS,20,145,00485036,Pawnee
NE,31,041,00835842,Custer
TX,48,363,01383967,Palo Pinto
MI,26,025,01622955,Calhoun
IA,19,173,00465275,Taylor
MT,30,073,01719587,Pondera
WV,54,063,01557702,Monroe
NH,33,005,00873176,Cheshire
KY,21,143,00516918,Lyon
MO,29,215,00758560,Texas
GA,13,259,00347360,Stewart
WV,54,097,01696800,Upshur
WI,55,063,01581091,La Crosse
NC,37,135,01008576,Orange
NY,36,055,00974126,Monroe
NY,36,117,00974156,Wayne
OK,40,021,01101798,Cherokee
IL,17,177,01785076,Stephenson
MN,27,047,00659469,Freeborn
MO,29,053,00758481,Cooper
ID,16,001,00395066,Ada
IL,17,035,00424219,Cumberland
KY,21,009,00516851,Barren
IN,18,139,00446854,Rush
MI,26,135,01623010,Oscoda
IN,18,101,00451679,Martin
VA,51,700,01498555,Newport News
MI,26,121,01623003,Muskegon
IN,18,035,00450347,Delaware
OH,39,069,01074047,Henry
AR,05,129,00069180,Searcy
IN,18,171,00450400,Warren
MO,29,061,00758485,Daviess
NM,35,006,00933051,Cibola
TX,48,191,01383881,Hall
OH,39,161,01074092,Van Wert
GA,13,235,00347593,Pulaski
OR,41,027,01155131,Hood River
IN,18,007,00450403,Benton
KS,20,101,00485015,Lane
ID,16,055,00395661,Kootenai
VA,51,735,01498436,Poquoson
IL,17,165,00424283,Saline
TX,48,251,01383911,Johnson
GA,13,193,00346957,Macon
KY,21,037,00516865,Campbell
FL,12,091,00306915,Okaloosa
MO,29,067,00758488,Douglas
MS,28,057,00695752,Itawamba
NE,31,069,00835856,Garden
IA,19,171,00465274,Tama
KY,21,167,00516930,Mercer
VA,51,600,01789070,Fairfax
OR,41,071,01135866,Yamhill
AR,05,115,00069901,Pope
OK,40,061,01101818,Haskell
GA,13,045,00326650,Carroll
TX,48,493,01384032,Wilson
NM,35,001,01702363,Bernalillo
NV,32,007,00857664,Elko
OK,40,043,01101809,Dewey
WI,55,033,01581076,Dunn
MN,27,085,00659491,McLeod
MO,29,139,00758524,Montgomery
ND,38,103,01034204,Wells
MO,29,181,00758545,Ripley
IL,17,149,01784941,Pike
MN,27,133,00659512,Rock
MO,29,223,00758564,Wayne
WY,56,017,01605074,Hot Springs
NC,37,105,01008567,Lee
IL,17,041,00424222,Douglas
AR,05,023,00066983,Cleburne
SD,46,029,01265791,Codington
AL,01,059,00161555,Franklin
SD,46,065,01265774,Hughes
OH,39,005,01074016,Ashland
MN,27,151,00659520,Swift
TX,48,077,01383824,Clay
CO,08,021,00198126,Conejos
VA,51,640,01498426,Galax
GA,13,023,00347451,Bleckley
AZ,04,017,00042808,Navajo
KS,20,027,00484983,Clay
IN,18,133,00450384,Putnam
SD,46,102,01266992,Oglala Lakota
IL,17,005,00424204,Bond
TX,48,145,01383858,Falls
AR,05,123,00083331,St. Francis
IL,17,105,00424254,Livingston
OH,39,083,01074054,Knox
MS,28,027,00695738,Coahoma
IN,18,111,00450376,Newton
OK,40,153,01101864,Woodward
MT,30,079,01715847,Prairie
KS,20,097,00485013,Kiowa
IN,18,135,00446853,Randolph
NC,37,045,01008547,Cleveland
MN,27,039,00659465,Dodge
PA,42,001,01213656,Adams
SD,46,025,01266985,Clark
IA,19,077,00465227,Guthrie
KS,20,125,00485027,Montgomery
NC,37,189,01008594,Watauga
MS,28,047,00695747,Harrison
IL,17,101,00424252,Lawrence
VT,50,019,01461766,Orleans
TN,47,071,01639751,Hardin
MI,26,059,01622972,Hillsdale
MS,28,077,00695762,Lawrence
NE,31,137,00835890,Phelps
NC,37,063,01008550,Durham
KS,20,037,00484988,Crawford
IA,19,073,00465225,Greene
CO,08,009,00198120,Baca
MS,28,111,00695778,Perry
ND,38,089,01035618,Stark
GA,13,169,00345367,Jones
NE,31,081,00835862,Hamilton
NY,36,037,00974117,Genesee
ND,38,057,01034233,Mercer
SC,45,001,01245666,Abbeville
VA,51,021,01494613,Bland
KY,21,225,00516959,Union
KS,20,159,00485043,Rice
NE,31,105,00835874,Kimball
MS,28,101,00695773,Newton
TX,48,183,01383877,Gregg
SD,46,121,01266989,Todd
UT,49,045,01448036,Tooele
IN,18,099,00450372,Marshall
TN,47,101,01639765,Lewis
KY,21,223,00516958,Trimble
AL,01,079,00161565,Lawrence
CO,08,011,00198121,Bent
KY,21,001,00516847,Adair
AL,01,057,00161554,Fayette
IL,17,063,00424233,Grundy
MO,29,085,00758497,Hickory
WY,56,015,01605073,Goshen
KY,21,015,00516854,Boone
MS,28,045,00711756,Hancock
CO,08,103,00198167,Rio Blanco
FL,12,005,00295738,Bay
TX,48,309,01383946,McLennan
NE,31,175,00835909,Valley
KS,20,107,00485018,Linn
CA,06,049,00277289,Modoc
NE,31,145,00835894,Red Willow
OH,39,155,01074089,Trumbull
WI,55,119,01581119,Taylor
ND,38,087,01035896,Slope
MS,28,093,00695770,Marshall
MO,29,187,00758548,St. Francois
FL,12,099,00295761,Palm Beach
MN,27,101,00659496,Murray
OK,40,073,01101824,Kingfisher
KS,20,155,00485041,Reno
MT,30,021,01715632,Dawson
ID,16,075,00394896,Payette
TX,48,003,01383787,Andrews
NY,36,027,00974112,Dutchess
MO,29,173,00758541,Ralls
TX,48,271,01383921,Kinney
VA,51,013,01480097,Arlington
MS,28,139,00695790,Tippah
MI,26,139,01623012,Ottawa
LA,22,121,00559570,West Baton Rouge
OH,39,147,01074086,Seneca
VA,51,660,01498563,Harrisonburg
IN,18,047,00450352,Franklin
OK,40,053,01101814,Grant
OH,39,149,01074087,Shelby
OH,39,041,01074033,Delaware
ND,38,001,01034210,Adams
OH,39,101,01074063,Marion
NY,36,069,00974133,Ontario
WV,54,089,01557805,Summers
KY,21,149,00516927,McLean
NY,36,019,00974108,Clinton
MN,27,125,00659508,Red Lake
MO,29,169,00758539,Pulaski
AR,05,149,00069908,Yell
NE,31,183,00835913,Wheeler
VT,50,015,01461764,Lamoille
KY,21,057,00516875,Cumberland
IA,19,195,00465286,Worth
WI,55,135,01581127,Waupaca
MN,27,029,00659460,Clearwater
ID,16,035,00395697,Clearwater
OK,40,049,01101812,Garvin
SD,46,003,01266983,Aurora
NV,32,021,00858644,Mineral
OH,39,037,01074031,Darke
MO,29,115,00758512,Linn
NE,31,095,00835869,Jefferson
OH,39,021,01074023,Champaign
VA,51,683,01498430,Manassas
TN,47,007,01639725,Bledsoe
NE,31,055,00835849,Douglas
IL,17,045,00424224,Edgar
MN,27,003,00659447,Anoka
IN,18,067,00450360,Howard
KS,20,073,00485003,Greenwood
GA,13,293,00346759,Upson
AR,05,089,00069898,Marion
NJ,34,037,00882236,Sussex
KS,20,049,00484994,Elk
KS,20,129,00485135,Morton
IN,18,107,00450374,Montgomery
KY,21,105,00516899,Hickman
NE,31,159,00835901,Seward
IL,17,039,00426598,De Witt
KS,20,111,00485020,Lyon
KS,20,115,00485022,Marion
TX,48,115,01383843,Dawson
CO,08,079,00198155,Mineral
VA,51,049,01494109,Cumberland
MO,29,003,00758456,Andrew
NE,31,115,00835879,Loup
NM,35,037,00929110,Quay
TX,48,137,01383854,Edwards
IN,18,019,00450340,Clark
VA,51,590,01498421,Danville
VA,51,760,01789073,Richmond
TX,48,331,01383951,Milam
FL,12,011,00295753,Broward
GA,13,005,00344784,Bacon
IA,19,011,00465195,Benton
IL,17,169,01785037,Schuyler
TX,48,095,01383833,Concho
IN,18,165,00450397,Vermillion
AL,01,037,00161544,Coosa
NJ,34,039,00882235,Union
WI,55,107,01581114,Rusk
IL,17,073,00424238,Henry
TX,48,497,01384034,Wise
GA,13,227,01673011,Pickens
NE,31,027,00835835,Cedar
IL,17,147,00424275,Piatt
IL,17,155,00424279,Putnam
TN,47,077,01639754,Henderson
WI,55,041,01581080,Forest
ND,38,021,01035622,Dickey
SD,46,019,01265793,Butte
NE,31,129,00835886,Nuckolls
SD,46,077,01265780,Kingsbury
MO,29,141,00758525,Morgan
WI,55,101,01581111,Racine
IA,19,085,00465231,Harrison
KY,21,141,00516917,Logan
MI,26,149,01625034,St. Joseph
TX,48,149,01383860,Fayette
SD,46,069,01266984,Hyde
NY,36,057,00974127,Montgomery
WI,55,017,01581068,Chippewa
OH,39,145,01074085,Scioto
OH,39,053,01074039,Gallia
MO,29,097,00758503,Jasper
MS,28,153,00695797,Wayne
MO,29,111,00758510,Lewis
IA,19,099,00465238,Jasper
TX,48,085,01383828,Collin
TX,48,489,01384030,Willacy
MN,27,037,00659464,Dakota
MO,29,057,00758483,Dade
IN,18,129,00450383,Posey
OH,39,055,01074040,Geauga
CO,08,105,00198168,Rio Grande
IL,17,057,00424230,Fulton
NC,37,169,01008586,Stokes
TX,48,147,01383859,Fannin
TX,48,397,01383984,Rockwall
MT,30,091,01677577,Sheridan
NV,32,029,00858642,Storey
VA,51,680,01498429,Lynchburg
AL,01,027,00161539,Clay
MO,29,045,00758477,Clark
IA,19,119,00465248,Lyon
NC,37,191,01026128,Wayne
ND,38,049,01035305,McHenry
IN,18,023,00450342,Clinton
MN,27,115,00659503,Pine
GA,13,255,00353055,Spalding
AL,01,021,00161536,Chilton
OR,41,059,01156673,Umatilla
MO,29,155,00758532,Pemiscot
IA,19,075,00465226,Grundy
IL,17,061,00424232,Greene
TX,48,275,01383923,Knox
SD,46,083,01265769,Lincoln
WY,56,023,01605076,Lincoln
OH,39,129,01074077,Pickaway
IN,18,097,00450371,Marion
OK,40,033,01101804,Cotton
KS,20,153,00485040,Rawlins
IL,17,181,01785113,Union
MN,27,063,00659477,Jackson
IL,17,065,00424234,Hamilton
IL,17,145,01784940,Perry
IL,17,131,01784750,Mercer
GA,13,047,00353230,Catoosa
PA,42,081,01213677,Lycoming
GA,13,145,00326700,Harris
KS,20,091,00485010,Johnson
KY,21,091,00516892,Hancock
MO,29,133,00758521,Mississippi
GA,13,099,00345041,Early
GA,13,149,00347067,Heard
NM,35,011,00933054,De Baca
MN,27,153,00659521,Todd
NE,31,161,00835902,Sheridan
WV,54,091,01689856,Taylor
AR,05,071,00066863,Johnson
TX,48,485,01384028,Wichita
MO,29,005,00758457,Atchison
NC,37,077,01008556,Granville
FL,12,021,00295754,Collier
IA,19,105,00465241,Jones
VA,51,115,01480145,Mathews
MN,27,019,00659455,Carver
TX,48,507,01384039,Zavala
VT,50,001,01461757,Addison
VT,50,011,01461762,Franklin
KY,21,199,00516946,Pulaski
MN,27,105,00659498,Nobles
MN,27,123,00659507,Ramsey
GA,13,111,00351094,Fannin
IL,17,123,00424260,Marshall
AR,05,031,00066847,Craighead
WI,55,077,01581098,Marquette
NE,31,177,00835910,Washington
WA,53,039,01529219,Klickitat
WV,54,009,01558262,Brooke
IN,18,113,00450377,Noble
TX,48,099,01383835,Coryell
LA,22,019,00558468,Calcasieu
MN,27,007,00659449,Beltrami
MS,28,081,00695764,Lee
OK,40,109,01101842,Oklahoma
WI,55,091,01581106,Pepin
SD,46,135,01266975,Yankton
ND,38,101,01034231,Ward
MI,26,021,01622953,Berrien
NY,36,035,00974116,Fulton
IN,18,005,00451683,Bartholomew
ND,38,047,01035620,Logan
OH,39,009,01074018,Athens
GA,13,211,00346008,Morgan
MN,27,161,00659525,Waseca
PA,42,015,01213660,Bradford
KS,20,077,00485004,Harper
IA,19,039,00465209,Clarke
NY,36,039,00974118,Greene
FL,12,081,00295744,Manatee
GA,13,299,00357722,Ware
NH,33,001,00873174,Belknap
MI,26,031,01622958,Cheboygan
ID,16,081,00399297,Teton
GA,13,011,00349230,Banks
NY,36,083,00974140,Rensselaer
NC,37,003,01008532,Alexander
NE,31,061,00835852,Franklin
OH,39,111,01074068,Monroe
MN,27,087,00659488,Mahnomen
IN,18,073,00450494,Jasper
MI,26,043,01622964,Dickinson
KS,20,005,00484972,Atchison
NE,31,085,00835864,Hayes
TX,48,197,01383884,Hardeman
OK,40,005,01101790,Atoka
NC,37,109,01008569,Lincoln
OH,39,171,01074097,Williams
MO,29,051,00758480,Cole
PA,42,055,01213670,Franklin
GA,13,277,00344090,Tift
OH,39,045,01074035,Fairfield
MN,27,157,00659523,Wabasha
OK,40,149,01101862,Washita
MS,28,099,00695772,Neshoba
ID,16,021,00395159,Boundary
IN,18,145,00450387,Shelby
MI,26,007,01622946,Alpena
OK,40,063,01101819,Hughes
NE,31,093,00835868,Howard
AR,05,077,00066866,Lee
MN,27,155,00659522,Traverse
NJ,34,029,00882279,Ocean
RI,44,001,01219777,Bristol
OH,39,073,01074049,Hocking
IL,17,071,00424237,Henderson
PA,42,093,01213681,Montour
UT,49,039,01448033,Sanpete
AR,05,135,00069183,Sharp
FL,12,085,00308550,Martin
OK,40,045,01101810,Ellis
OH,39,027,01074026,Clinton
NM,35,009,00933053,Curry
VA,51,595,01498422,Emporia
NE,31,025,00835834,Cass
ND,38,091,01034220,Steele
GA,13,225,00343153,Peach
NY,36,095,00974145,Schoharie
KY,21,035,00516864,Calloway
NE,31,181,00835912,Webster
NM,35,041,01702369,Roosevelt
AR,05,079,00066873,Lincoln
CT,09,015,00212801,Windham
GA,13,285,01673298,Troup
WI,55,073,01581096,Marathon
IL,17,111,01784815,McHenry
OR,41,067,01155137,Washington
IL,17,013,00424208,Calhoun
IL,17,125,00424261,Mason
IL,17,179,01785094,Tazewell
SC,45,033,01247993,Dillon
SD,46,027,01265764,Clay
OR,41,057,01135864,Tillamook
SD,46,013,01265785,Brown
NE,31,119,00835880,Madison
MO,29,109,00758509,Lawrence
WI,55,039,01581079,Fond du Lac
TN,47,139,01639782,Polk
OK,40,127,01101851,Pushmataha
GA,13,065,00351285,Clinch
NE,31,141,00835892,Platte
MO,29,149,00758529,Oregon
KS,20,039,00484989,Decatur
WI,55,125,01581122,Vilas
WI,55,097,01581109,Portage
GA,13,059,01672699,Clarke
IA,19,107,00465242,Keokuk
IN,18,173,00450335,Warrick
CA,06,031,00277280,Kings
TX,48,505,01384038,Zapata
CA,06,075,00277302,San Francisco
AZ,04,011,00042807,Greenlee
MO,29,127,00758517,Marion
CO,08,119,00198175,Teller
WA,53,057,01531402,Skagit
KS,20,173,00485049,Sedgwick
MO,29,167,00758538,Polk
MO,29,137,00758523,Monroe
NY,36,015,00974106,Chemung
CO,08,101,00198166,Pueblo
OH,39,093,01074059,Lorain
AL,01,093,00161573,Marion
GA,13,097,01686467,Douglas
WY,56,041,01605084,Uinta
NE,31,149,00835896,Rock
VA,51,820,01498443,Waynesboro
IL,17,115,00424256,Macon
MS,28,095,00695771,Monroe
OH,39,143,01074084,Sandusky
GA,13,147,01687995,Hart
MS,28,147,00695794,Walthall
AR,05,035,00069162,Crittenden
MN,27,111,00659501,Otter Tail
MS,28,009,00695729,Benton
GA,13,273,00352238,Terrell
AK,02,060,01419967,Bristol Bay
MS,28,065,00695756,Jefferson Davis
IN,18,109,00450375,Morgan
IA,19,051,00465214,Davis
TX,48,257,01383914,Kaufman
GA,13,167,00346664,Johnson
IL,17,085,00424244,Jo Daviess
MS,28,161,00695801,Yalobusha
MS,28,043,00695746,Grenada
AR,05,033,00069161,Crawford
IN,18,103,00450373,Miami
AR,05,101,00069900,Newton
NM,35,025,01702365,Lea
GA,13,295,00354216,Walker
KY,21,227,00516960,Warren
KY,21,219,00516956,Todd
AL,01,039,00161545,Covington
IL,17,171,00424286,Scott
ND,38,073,01035301,Ransom
ID,16,071,00399759,Oneida
NE,31,139,00835891,Pierce
VA,51,530,01498417,Buena Vista
CO,08,075,00198153,Logan
MS,28,075,00695761,Lauderdale
ND,38,079,01034228,Rolette
WI,55,123,01581121,Vernon
IN,18,013,00451684,Brown
IA,19,001,00465190,Adair
GA,13,275,00343835,Thomas
MS,28,035,00695742,Forrest
TN,47,043,01639740,Dickson
MI,26,095,01622990,Luce
IN,18,041,00450349,Fayette
TX,48,259,01383915,Kendall
SD,46,011,01265779,Brookings
IN,18,119,00450379,Owen
VA,51,079,01480129,Greene
TN,47,015,01648572,Cannon
KS,20,013,00484976,Brown
GA,13,257,00350028,Stephens
OH,39,039,01074032,Defiance
SD,46,045,01266972,Edmunds
AL,01,011,00161531,Bullock
WI,55,059,01581089,Kenosha
KS,20,065,00481811,Graham
MN,27,051,00659471,Grant
KS,20,021,00484980,Cherokee
MS,28,011,00695730,Bolivar
KS,20,051,00484995,Ellis
AL,01,015,00161533,Calhoun
AK,02,016,01419965,Aleutians West
CO,08,025,00198128,Crowley
KS,20,193,00485057,Thomas
UT,49,041,01448034,Sevier
IL,17,167,01785010,Sangamon
MN,27,057,00659474,Hubbard
IA,19,079,00465228,Hamilton
TX,48,113,01383842,Dallas
VA,51,678,01789071,Lexington
FL,12,043,00295743,Glades
GA,13,119,00349324,Franklin
OK,40,085,01101830,Love
VT,50,005,01461759,Caledonia
OR,41,029,01135853,Jackson
MI,26,101,01622993,Manistee
VA,51,065,01494061,Fluvanna
AL,01,075,00161563,Lamar
AK,02,105,02371430,Hoonah-Angoon
SC,45,023,01247988,Chester
NY,36,049,00974123,Lewis
NH,33,019,00873183,Sullivan
VT,50,021,01461767,Rutland
MO,29,179,00758544,Reynolds
SD,46,115,01266987,Spink
IA,19,081,00465229,Hancock
WI,55,117,01581118,Sheboygan
TX,48,235,01383903,Irion
MS,28,019,00695734,Choctaw
MT,30,019,01637566,Daniels
NM,35,005,01702364,Chaves
NM,35,043,00929113,Sandoval
MS,28,023,00695736,Clarke
OH,39,131,01074078,Pike
MN,27,035,00659463,Crow Wing
MN,27,095,00659493,Mille Lacs
TX,48,243,01383907,Jeff Davis
SD,46,033,01265788,Custer
MN,27,143,00659516,Sibley
NY,36,023,00974110,Cortland
OH,39,051,01074038,Fulton
WA,53,051,01529157,Pend Oreille
MI,26,011,01622948,Arenac
IA,19,031,00465205,Cedar
CO,08,003,00198117,Alamosa
OH,39,163,01074093,Vinton
WI,55,137,01581128,Waushara
PA,42,083,01210235,McKean
IA,19,009,00465194,Audubon
MN,27,005,00659448,Becker
NC,37,005,01008533,Alleghany
OH,39,085,01074055,Lake
PA,42,011,01209172,Berks
NE,31,165,00835904,Sioux
IN,18,003,00450402,Allen
TN,47,115,01639770,Marion
IA,19,169,00465273,Story
TX,48,163,01383867,Frio
MN,27,141,00659515,Sherburne
OH,39,097,01074061,Madison
GA,13,087,00352234,Decatur
SD,46,079,01265776,Lake
MO,29,135,00758522,Moniteau
IA,19,057,00465217,Des Moines
WI,55,083,01581102,Oconto
OK,40,099,01101837,Murray
TN,47,027,01648573,Clay
AR,05,043,00066851,Drew
NE,31,029,00835836,Chase
NM,35,047,00929114,San Miguel
OH,39,165,01074094,Warren
NJ,34,017,00882278,Hudson
WV,54,029,01560574,Hancock
IN,18,015,00450406,Carroll
KS,20,201,00485061,Washington
TX,48,131,01383851,Duval
TN,47,109,01639774,McNairy
TN,47,087,01639758,Jackson
GA,13,101,00348092,Echols
OH,39,119,01074072,Muskingum
ID,16,019,00395407,Bonneville
IL,17,069,00424236,Hardin
MO,29,129,00758519,Mercer
KS,20,147,00485037,Phillips
OH,39,115,01074070,Morgan
KY,21,129,00516911,Lee
LA,22,047,00558582,Iberville
IN,18,081,00450365,Johnson
CT,09,013,00212668,Tolland
KY,21,073,00516883,Franklin
MO,29,145,00758527,Newton
MI,26,113,01622999,Missaukee
IL,17,051,00424227,Fayette
AL,01,105,00161579,Perry
MN,27,041,00659466,Douglas
MI,26,123,01623004,Newaygo
OH,39,077,01074051,Huron
AR,05,059,00066859,Hot Spring
SD,46,119,01266982,Sully
NE,31,147,00835895,Richardson
FL,12,067,00295732,Lafayette
MS,28,067,00695757,Jones
KY,21,163,00516928,Meade
KS,20,121,00485025,Miami
OH,39,017,01074021,Butler
MO,29,177,00758543,Ray
AR,05,141,00069904,Van Buren
KY,21,103,00516898,Henry
IN,18,153,00450391,Sullivan
KY,21,117,00516905,Kenton
IA,19,065,00465221,Fayette
TX,48,425,01383998,Somervell
MI,26,067,01622976,Ionia
TN,47,171,01648582,Unicoi
MS,28,041,00695745,Greene
OK,40,017,01101796,Canadian
FL,12,063,00295734,Jackson
CO,08,097,00198164,Pitkin
WV,54,079,01550046,Putnam
IL,17,121,00424259,Marion
TX,48,011,01383791,Armstrong
NC,37,061,01026132,Duplin
TN,47,023,01639732,Chester
KY,21,171,00516932,Monroe
MI,26,035,01622960,Clare
TN,47,113,01639769,Madison
GA,13,253,00351263,Seminole
OH,39,003,01074015,Allen
IA,19,145,00465261,Page
MT,30,103,01719563,Treasure
WY,56,037,01609192,Sweetwater
IA,19,059,00465218,Dickinson
MS,28,125,00695783,Sharkey
OK,40,103,01101839,Noble
ID,16,053,00395662,Jerome
VA,51,775,01789074,Salem
WY,56,001,01605066,Albany
TX,48,179,01383875,Gray
GA,13,243,00352242,Randolph
IN,18,115,00450378,Ohio
IL,17,081,00424242,Jefferson
VA,51,570,01498420,Colonial Heights
MN,27,071,00659481,Koochiching
FL,12,015,00295742,Charlotte
NE,31,035,00835839,Clay
ND,38,013,01034235,Burke
WV,54,055,01557645,Mercer
FL,12,059,00295735,Holmes
MO,29,025,00758467,Caldwell
KY,21,201,00516947,Robertson
IN,18,181,00450338,White
NE,31,143,00835893,Polk
MO,29,163,00758536,Pike
GA,13,085,00351312,Dawson
NY,36,073,00974135,Orleans
WI,55,078,01581099,Menominee
MT,30,065,01719593,Musselshell
TX,48,433,01384002,Stonewall
GA,13,197,00344107,Marion
TX,48,151,01383861,Fisher
CO,08,047,00198139,Gilpin
IN,18,057,00450356,Hamilton
VA,51,580,01789069,Covington
NM,35,015,00936829,Eddy
TX,48,463,01384017,Uvalde
MO,29,017,00758463,Bollinger
UT,49,031,01448029,Piute
MS,28,005,00695727,Amite
ID,16,045,00395442,Gem
NM,35,057,00929112,Torrance
TX,48,299,01383935,Llano
MO,29,203,00758554,Shannon
OH,39,105,01074065,Meigs
MS,28,015,00695732,Carroll
NC,37,187,01026331,Washington
KY,21,075,00516884,Fulton
IL,17,117,00424257,Macoupin
NM,35,035,00929104,Otero
OR,41,011,01135848,Coos
MO,29,035,00758472,Carter
IL,17,075,00424239,Iroquois
IL,17,067,00424235,Hancock
SD,46,089,01265762,McPherson
SD,46,043,01266978,Douglas
IN,18,121,00450380,Parke
AL,01,053,00161552,Escambia
TX,48,487,01384029,Wilbarger
VA,51,830,01789076,Williamsburg
IA,19,123,00465250,Mahaska
MO,29,093,00758501,Iron
GA,13,109,00345923,Evans
SD,46,097,01265777,Miner
MT,30,111,01719558,Yellowstone
MO,29,213,00758559,Taney
VA,51,169,01498172,Scott
WI,55,047,01581083,Green Lake
IL,17,157,01784967,Randolph
MO,29,065,00758487,Dent
KS,20,197,00485059,Wabaunsee
CA,06,067,00277298,Sacramento
IA,19,005,00465192,Allamakee
MI,26,085,01622985,Lake
IN,18,177,00450336,Wayne
NE,31,063,00835853,Frontier
AR,05,127,00069179,Scott
NJ,34,015,00882277,Gloucester
KS,20,157,00485042,Republic
NE,31,087,00835865,Hitchcock
CA,06,035,01693324,Lassen
AR,05,105,00069171,Perry
MO,29,119,00758518,McDonald
MS,28,107,00695776,Panola
MN,27,025,00659458,Chisago
KS,20,181,00485053,Sherman
AR,05,051,00066855,Garland
IA,19,133,00465255,Monona
OH,39,109,01074067,Miami
ID,16,067,00394807,Minidoka
MT,30,067,01720027,Park
IL,17,091,00424247,Kankakee
MN,27,009,00659450,Benton
CO,08,041,00198135,El Paso
ID,16,065,00394803,Madison
GA,13,057,01685718,Cherokee
NC,37,179,01008590,Union
IL,17,021,00424212,Christian
PA,42,087,01213679,Mifflin
AR,05,137,00069902,Stone
MN,27,043,00659467,Faribault
IA,19,037,00465208,Chickasaw
MS,28,071,00695759,Lafayette
FL,12,101,00295739,Pasco
VA,51,077,01501196,Grayson
SD,46,021,01266974,Campbell
VA,51,670,01498428,Hopewell
IL,17,137,00424270,Morgan
IA,19,183,00465280,Washington
TX,48,325,01383948,Medina
KS,20,205,00485063,Wilson
SD,46,059,01265783,Hand
PA,42,119,01213689,Union
TX,48,285,01383928,Lavaca
TX,48,177,01383874,Gonzales
OK,40,037,01101806,Creek
GA,13,187,00357196,Lumpkin
MO,29,009,00758459,Barry
GA,13,067,01686112,Cobb
WI,55,035,01581077,Eau Claire
IA,19,131,00465254,Mitchell
KY,21,233,00516963,Webster
IL,17,083,00424243,Jersey
SD,46,109,01265786,Roberts
MN,27,065,00659478,Kanabec
MI,26,061,01622973,Houghton
MI,26,005,01622945,Allegan
PA,42,077,01209182,Lehigh
OH,39,019,01074022,Carroll
MI,26,117,01623001,Montcalm
KS,20,011,00484975,Bourbon
WY,56,011,01605071,Crook
WI,55,089,01581105,Ozaukee
IA,19,043,00465210,Clayton
OK,40,091,01101836,McIntosh
TX,48,097,01383834,Cooke
SD,46,031,01265811,Corson
OH,39,029,01074027,Columbiana
VA,51,135,01493928,Nottoway
TX,48,249,01383910,Jim Wells
IL,17,103,00424253,Lee
NE,31,151,00835897,Saline
NC,37,071,01008554,Gaston
IL,17,089,00424246,Kane
AR,05,143,00069905,Washington
MI,26,049,01622967,Genesee
NE,31,033,00835838,Cheyenne
OH,39,153,01074088,Summit
MN,27,113,00659502,Pennington
GA,13,055,00352213,Chattooga
PA,42,109,01213686,Snyder
TX,48,415,01383993,Scurry
CO,08,039,00198136,Elbert
NE,31,153,00835898,Sarpy
MO,29,229,00758567,Wright
GA,13,287,00343238,Turner
OK,40,007,01101791,Beaver
KS,20,165,00485358,Rush
SD,46,129,01266973,Walworth
NE,31,073,00835858,Gosper
TX,48,295,01383933,Lipscomb
KS,20,175,00485050,Seward
GA,13,003,00345784,Atkinson
WV,54,069,01717163,Ohio
MS,28,091,00695769,Marion
NV,32,017,00863992,Lincoln
TX,48,189,01383880,Hale
KY,21,041,00516867,Carroll
MO,29,059,00758484,Dallas
SC,45,077,01248015,Pickens
OH,39,137,01074081,Putnam
ND,38,043,01034206,Kidder
SD,46,057,01265766,Hamlin
OK,40,039,01101807,Custer
ND,38,031,01034223,Foster
NV,32,013,00863310,Humboldt
OK,40,003,01101789,Alfalfa
MI,26,111,01622998,Midland
TN,47,099,01639764,Lawrence
IN,18,045,00450351,Fountain
SD,46,091,01265759,Marshall
IA,19,187,00465282,Webster
MO,29,131,00758520,Miller
WI,55,127,01581123,Walworth
OH,39,139,01074082,Richland
GA,13,131,00351261,Grady
SD,46,051,01265782,Grant
OH,39,135,01074080,Preble
NM,35,019,00929111,Guadalupe
IA,19,049,00465213,Dallas
MD,24,510,01702381,Baltimore
NE,31,173,00835908,Thurston
WI,55,109,01581833,St. Croix
IL,17,009,00424206,Brown
IN,18,095,00450370,Madison
IL,17,037,00422190,DeKalb
IA,19,161,00465269,Sac
OK,40,077,01101826,Latimer
IA,19,103,00465240,Johnson
MO,29,227,00758566,Worth
WV,54,101,01550057,Webster
AL,01,007,00161529,Bibb
KS,20,029,00484984,Cloud
IN,18,169,00450399,Wabash
NY,36,097,00974146,Schuyler
NH,33,003,00873175,Carroll
NV,32,009,00858641,Esmeralda
ND,38,033,01035617,Golden Valley
IN,18,063,00450358,Hendricks
IA,19,141,00465259,O'Brien
IL,17,007,00424205,Boone
KS,20,199,00485060,Wallace
AL,01,133,00161592,Winston
TN,47,183,01639799,Weakley
MS,28,129,00695785,Smith
MS,28,117,00695779,Prentiss
MI,26,145,01623015,Saginaw
MN,27,017,00659454,Carlton
MN,27,093,00659492,Meeker
AZ,04,023,00040472,Santa Cruz
WV,54,077,01558642,Preston
KS,20,117,00485023,Marshall
ND,38,015,01035614,Burleigh
IN,18,163,00450396,Vanderburgh
AK,02,230,02339479,Skagway
TX,48,019,01383795,Bandera
PA,42,019,01213661,Butler
IA,19,151,00465264,Pocahontas
PA,42,115,01213688,Susquehanna
CA,06,115,00277322,Yuba
TX,48,273,01383922,Kleberg
KS,20,059,00484998,Franklin
TX,48,283,01383924,La Salle
KS,20,151,00485039,Pratt
CO,08,087,00198159,Morgan
ND,38,011,01035619,Bowman
SC,45,039,01248000,Fairfield
TN,47,169,01648581,Trousdale
CO,08,014,01945881,Broomfield
MO,29,077,00758493,Greene
MN,27,099,00659495,Mower
PA,42,085,01213678,Mercer
KY,21,137,00516915,Lincoln
OK,40,059,01101817,Harper
IA,19,165,00465271,Shelby
PA,42,007,01214112,Beaver
NE,31,031,00835837,Cherry
IL,17,203,01785231,Woodford
WV,54,051,01717539,Marshall
WI,55,139,01581129,Winnebago
TN,47,017,01639729,Carroll
MO,29,221,00758563,Washington
PA,42,029,01209174,Chester
MI,26,077,01622981,Kalamazoo
TX,48,111,01383841,Dallam
IN,18,033,00450346,DeKalb
MO,29,175,00758542,Randolph
VA,51,710,01498557,Norfolk
MS,28,061,00695754,Jasper
MO,29,015,00758462,Benton
MO,29,055,00758482,Crawford
IL,17,195,01785167,Whiteside
WY,56,007,01605069,Carbon
ND,38,045,01035621,LaMoure
NE,31,169,00835906,Thayer
MS,28,141,00695791,Tishomingo
OH,39,057,01074041,Greene
PA,42,039,01213666,Crawford
IA,19,127,00465252,Marshall
IN,18,151,00450390,Steuben
KS,20,171,00485048,Scott
TX,48,247,01383909,Jim Hogg
IL,17,199,01785215,Williamson
NM,35,053,01702371,Socorro
GA,13,017,00351606,Ben Hill
IL,17,077,00424240,Jackson
MS,28,085,00695766,Lincoln
IA,19,155,00465266,Pottawattamie
SD,46,037,01265790,Day
TX,48,123,01383844,DeWitt
KS,20,127,00485028,Morris
KY,21,053,00516873,Clinton
VA,51,510,01498415,Alexandria
IN,18,131,00446852,Pulaski
GA,13,117,01673358,Forsyth
KS,20,103,00485016,Leavenworth
IA,19,071,00465224,Fremont
MA,25,003,00606928,Berkshire
OK,40,111,01101843,Okmulgee
PA,42,047,01213668,Elk
MI,26,037,01622961,Clinton
NE,31,023,00835833,Butler
MO,29,185,00758547,St. Clair
MI,26,159,01623020,Van Buren
KY,21,161,00516924,Mason
IA,19,007,00465193,Appanoose
KS,20,083,00485006,Hodgeman
TX,48,133,01383852,Eastland
MI,26,015,01622950,Barry
AR,05,113,00069175,Polk
IN,18,037,00451675,Dubois
CO,08,121,00198176,Washington
TX,48,375,01383973,Potter
IL,17,175,00424288,Stark
IA,19,153,00465265,Polk
OK,40,071,01101823,Kay
WA,53,059,01529220,Skamania
AZ,04,019,00025446,Pima
AL,01,017,00161534,Chambers
IL,17,023,00424213,Clark
NV,32,005,00858643,Douglas
SC,45,011,01247983,Barnwell
IN,18,043,00450350,Floyd
VA,51,730,01498435,Petersburg
IN,18,141,00452855,St. Joseph
NY,36,003,00974100,Allegany
VA,51,520,01498416,Bristol
AL,01,127,00161589,Walker
MI,26,151,01623016,Sanilac
TX,48,181,01383876,Grayson
OR,41,053,01135862,Polk
AR,05,111,00069174,Poinsett
VT,50,017,01461765,Orange
AL,01,083,00161567,Limestone
NC,37,067,01008552,Forsyth
NC,37,185,01008593,Warren
KY,21,087,00516890,Green
NC,37,011,01008536,Avery
MT,30,037,01723078,Golden Valley
MS,28,059,00695753,Jackson
MO,29,219,00758562,Warren
TN,47,103,01639766,Lincoln
VA,51,550,01498558,Chesapeake
LA,22,003,00558397,Allen
AL,01,123,00161587,Tallapoosa
GA,13,071,00343936,Colquitt
WI,55,021,01581070,Columbia
IA,19,003,00465191,Adams
GA,13,125,00345642,Glascock
TN,47,039,01639739,Decatur
IA,19,113,00465245,Linn
MT,30,075,01719584,Powder River
IN,18,127,00450382,Porter
KY,21,021,00516857,Boyle
ID,16,047,00395441,Gooding
NY,36,123,00974159,Yates
KY,21,215,00516954,Spencer
NE,31,099,00835871,Kearney
NE,31,131,00835887,Otoe
TN,47,047,01639742,Fayette
AL,01,125,00161588,Tuscaloosa
WV,54,015,01550014,Clay
IN,18,085,00450367,Kosciusko
KS,20,017,00484978,Chase
KY,21,213,00516953,Simpson
OK,40,107,01101841,Okfuskee
AL,01,019,00161535,Cherokee
MN,27,135,00659513,Roseau
UT,49,003,01455966,Box Elder
AR,05,065,00066860,Izard
OK,40,131,01101853,Rogers
NH,33,011,00873179,Hillsborough
KY,21,169,00516931,Metcalfe
WI,55,015,01581067,Calumet
KS,20,209,00485065,Wyandotte
VA,51,630,01498425,Fredericksburg
KY,21,157,00516922,Marshall
NE,31,117,00835881,McPherson
VA,51,045,01673664,Craig
PA,42,107,01213685,Schuylkill
AL,01,067,00161559,Henry
OH,39,087,01074056,Lawrence
SC,45,081,01248016,Saluda
MO,29,039,00758474,Cedar
MO,29,081,00758495,Harrison
LA,22,095,01629472,St. John the Baptist
TN,47,179,01639797,Washington
NY,36,079,00974138,Putnam
OH,39,173,01074098,Wood
GA,13,231,00346482,Pike
OH,39,001,01074014,Adams
ND,38,039,01034219,Griggs
TX,48,231,01383901,Hunt
VA,51,197,01501379,Wythe
NE,31,015,00835829,Boyd
SC,45,037,01247999,Edgefield
NC,37,035,01008543,Catawba
KS,20,043,00484991,Doniphan
OH,39,013,01065575,Belmont
TN,47,125,01639777,Montgomery
SD,46,017,01265767,Buffalo
MT,30,101,01719566,Toole
ND,38,065,01034205,Oliver
NY,36,089,00977309,St. Lawrence
TN,47,137,01648580,Pickett
GA,13,091,00348116,Dodge
OH,39,049,01074037,Franklin
NE,31,065,00835854,Furnas
OK,40,051,01101813,Grady
KS,20,007,00484973,Barber
WI,55,103,01581112,Richland
IA,19,017,00465198,Bremer
NE,31,075,00835859,Grant
TX,48,065,01383818,Carson
FL,12,019,00295726,Clay
NY,36,107,00974151,Tioga
KY,21,019,00516856,Boyd
IL,17,141,01784894,Ogle
OK,40,123,01101849,Pontotoc
IA,19,139,00465258,Muscatine
CO,08,017,00198124,Cheyenne
MS,28,123,00695782,Scott
MO,29,211,00758558,Sullivan
MS,28,103,00695774,Noxubee
CO,08,073,00198152,Lincoln
NC,37,097,01008565,Iredell
GA,13,115,00353665,Floyd
TX,48,365,01383968,Panola
IA,19,167,00465272,Sioux
GA,13,123,00351260,Gilmer
KS,20,187,00485055,Stanton
MO,29,101,00758505,Johnson
ID,16,009,00395190,Benewah
KY,21,191,00516942,Pendleton
MO,29,147,00758528,Nodaway
NE,31,053,00835848,Dodge
CT,09,005,00212796,Litchfield
AR,05,125,00067102,Saline
TX,48,265,01383918,Kerr
TN,47,095,01639762,Lake
GA,13,155,00352302,Irwin
TX,48,327,01383949,Menard
MI,26,009,01622947,Antrim
IA,19,087,00465232,Henry
MT,30,095,01719572,Stillwater
NC,37,197,01008597,Yadkin
SD,46,053,01265765,Gregory
KS,20,177,00485051,Shawnee
NC,37,041,01025822,Chowan
MO,29,123,00758515,Madison
WY,56,043,01605085,Washakie
VA,51,810,01498559,Virginia Beach
IN,18,059,00450357,Hancock
NY,36,109,00974152,Tompkins
WI,55,093,01581107,Pierce
KY,21,111,00516902,Jefferson
PA,42,025,01213664,Carbon
WA,53,013,01513273,Columbia
UT,49,021,01448025,Iron
TX,48,305,01383938,Lynn
VA,51,035,01480108,Carroll
CO,08,089,00198160,Otero
NY,36,093,00974144,Schenectady
OK,40,069,01101822,Johnston
TX,48,461,01384016,Upton
GA,13,177,00343390,Lee
NC,37,157,01008582,Rockingham
KS,20,141,00485034,Osborne
TX,48,307,01383945,McCulloch
KY,21,049,00516871,Clark
TN,47,019,01639730,Carter
NC,37,175,01008589,Transylvania
WV,54,003,01550008,Berkeley
MO,29,201,00758553,Scott
GA,13,105,00347828,Elbert
KS,20,189,00485056,Stevens
IN,18,039,00450348,Elkhart
MI,26,091,01622988,Lenawee
NE,31,037,00835840,Colfax
AL,01,103,00161578,Morgan
CA,06,109,00277319,Tuolumne
WY,56,003,01605067,Big Horn
MO,29,021,00758465,Buchanan
VA,51,107,01480141,Loudoun
GA,13,127,01671513,Glynn
SC,45,089,01248018,Williamsburg
LA,22,069,00558108,Natchitoches
WA,53,037,01531926,Kittitas
NJ,34,035,00882234,Somerset
MO,29,001,00765805,Adair
WV,54,093,01689423,Tucker
CO,08,107,00198169,Routt
MT,30,055,01716270,McCone
NC,37,075,01008555,Graham
GA,13,221,00351262,Oglethorpe
CO,08,081,00198156,Moffat
NE,31,079,00835861,Hall
KS,20,047,00484993,Edwards
GA,13,083,00347465,Dade
OH,39,081,01074053,Jefferson
KS,20,087,00485008,Jefferson
VA,51,720,01498434,Norton
MI,26,133,01623009,Osceola
IA,19,089,00465233,Howard
MS,28,133,00695787,Sunflower
ND,38,023,01034234,Divide
WI,55,105,01581113,Rock
NE,31,011,00835828,Boone
MN,27,149,00659519,Stevens
ND,38,083,01034203,Sheridan
IL,17,079,00424241,Jasper
OH,39,059,01074042,Guernsey
NE,31,021,00835832,Burt
WV,54,053,01560254,Mason
OK,40,121,01101848,Pittsburg
KY,21,145,00516925,McCracken
NE,31,127,00835885,Nemaha
CT,09,003,00212338,Hartford
GA,13,159,00346144,Jasper
CO,08,085,00198158,Montrose
OK,40,055,01101815,Greer
MS,28,063,00695755,Jefferson
WV,54,049,01718173,Marion
TX,48,159,01383865,Franklin
AK,02,063,02804400,Chugach
KY,21,211,00516952,Shelby
KS,20,183,00484969,Smith
TX,48,367,01383969,Parker
MI,26,155,01623018,Shiawassee
KS,20,035,00484987,Cowley
TX,48,221,01383896,Hood
IA,19,115,00465246,Louisa
IL,17,127,01784730,Massac
NE,31,045,00835844,Dawes
GA,13,129,00356672,Gordon
MN,27,147,00659518,Steele
WI,55,079,01581100,Milwaukee
IL,17,019,00424211,Champaign
MN,27,121,00659506,Pope
AL,01,077,00161564,Lauderdale
MS,28,127,00695784,Simpson
TN,47,075,01639753,Haywood
MN,27,055,00659473,Houston
NM,35,049,00933322,Santa Fe
TX,48,337,01383954,Montague
IL,17,191,00424296,Wayne
WI,55,061,01581090,Kewaunee
IN,18,049,00450353,Fulton
TX,48,429,01384000,Stephens
MT,30,109,01696629,Wibaux
MI,26,001,01622943,Alcona
LA,22,089,01629449,St. Charles
FL,12,115,00295741,Sarasota
OK,40,115,01101845,Ottawa
KS,20,191,00481812,Sumner
NC,37,181,01008591,Vance
KS,20,015,00484977,Butler
MO,29,510,00767557,St. Louis
WI,55,025,01581072,Dane
OK,40,015,01101795,Caddo
AR,05,083,00082850,Logan
WI,55,133,01581126,Waukesha
TX,48,121,01383847,Denton
MS,28,037,00695743,Franklin
OH,39,079,01074052,Jackson
ME,23,001,00581286,Androscoggin
LA,22,049,00558592,Jackson
VA,51,685,01498431,Manassas Park
AK,02,068,01419988,Denali
WY,56,019,01609191,Johnson
TX,48,369,01383970,Parmer
WI,55,013,01581066,Burnett
IA,19,097,00465237,Jackson
MI,26,045,01622965,Eaton
SD,46,107,01265761,Potter
ND,38,093,01034224,Stutsman
OR,41,009,01135847,Columbia
IN,18,167,00450398,Vigo
ND,38,051,01034211,McIntosh
AZ,04,003,00025442,Cochise
GA,13,035,00352295,Butts
MS,28,097,00711757,Montgomery
OH,39,007,01074017,Ashtabula
ND,38,081,01035303,Sargent
PA,42,117,01209189,Tioga
VA,51,650,01498554,Hampton
GA,13,247,00357592,Rockdale
KS,20,033,00484986,Comanche
WV,54,037,01550025,Jefferson
MN,27,169,00659529,Winona
IL,17,113,01784833,McLean
CA,06,091,00277310,Sierra
MI,26,065,01622975,Ingham
ID,16,051,00399751,Jefferson
IA,19,181,00465279,Warren
MO,29,083,00758496,Henry
KS,20,179,00485052,Sheridan
TX,48,317,01383941,Martin
WY,56,045,01605086,Weston
IA,19,179,00465278,Wapello
NM,35,003,00929108,Catron
ID,16,057,00395613,Latah
MO,29,199,00758552,Scotland
NC,37,001,01008531,Alamance
OK,40,047,01101811,Garfield
TX,48,055,01383813,Caldwell
NE,31,111,00835877,Lincoln
MN,27,045,00659468,Fillmore
MN,27,033,00659462,Cottonwood
GA,13,093,00351608,Dooly
SC,45,013,01247984,Beaufort
TX,48,297,01383934,Live Oak
OH,39,141,01074083,Ross
MO,29,049,00758479,Clinton
UT,49,053,01448040,Washington
NE,31,059,00835851,Fillmore
OH,39,025,01074025,Clermont
WA,53,001,01531601,Adams
NE,31,089,00835866,Holt
IN,18,155,00450392,Switzerland
OH,39,071,01074048,Highland
LA,22,023,00558488,Cameron
IA,19,157,00465267,Poweshiek
OH,39,175,01074099,Wyandot
ME,23,013,00581292,Knox
ME,23,019,00581295,Penobscot
MN,27,159,00659524,Wadena
TX,48,279,01383926,Lamb
PA,42,013,01213659,Blair
WA,53,023,01533500,Garfield
WI,55,009,01581064,Brown
MS,28,105,00695775,Oktibbeha
NM,35,059,00929115,Union
NC,37,151,01008580,Randolph
MI,26,131,01623008,Ontonagon
TX,48,381,01383976,Randall
OK,40,147,01101861,Washington
VA,51,071,01494551,Giles
MO,29,161,00758535,Phelps
ND,38,025,01035623,Dunn
KY,21,055,00516874,Crittenden
NY,36,005,00974101,Bronx
TX,48,255,01383913,Karnes
TX,48,291,01383931,Liberty
IL,17,015,00424209,Carroll
FL,12,061,00307624,Indian River
LA,22,093,01629464,St. James
GA,13,069,00347456,Coffee
KS,20,045,00484992,Douglas
NE,31,067,00835855,Gage
ND,38,075,01034229,Renville
NE,31,171,00835907,Thomas
MO,29,105,00758507,Laclede
NE,31,051,00835847,Dixon
IA,19,191,00465284,Winneshiek
WI,55,087,01581104,Outagamie
GA,13,165,00342985,Jenkins
WI,55,081,01581101,Monroe
CO,08,123,00198177,Weld
MO,29,165,00758537,Platte
NY,36,087,00974142,Rockland
VA,51,025,01493961,Brunswick
NY,36,001,00974099,Albany
MT,30,017,01720109,Custer
MO,29,047,00758478,Clay
KS,20,063,00485000,Gove
MI,26,081,01622983,Kent
MI,26,069,01622977,Iosco
KY,21,185,00516939,Oldham
TX,48,503,01384037,Young
GA,13,297,00351264,Walton
GA,13,053,00351012,Chattahoochee
NY,36,007,00974102,Broome
OH,39,023,01074024,Clark
NE,31,057,00835850,Dundy
NE,31,019,00835831,Buffalo
IL,17,187,01785134,Warren
TX,48,345,01383958,Motley
KY,21,077,00516885,Gallatin
GA,13,307,00352287,Webster
OH,39,011,01074019,Auglaize
NC,37,143,01025841,Perquimans
WI,55,113,01581116,Sawyer
NM,35,031,00929107,McKinley
MI,26,105,01622995,Mason
KS,20,207,00485064,Woodson
KY,21,023,00516858,Bracken
IL,17,161,00424282,Rock Island
KY,21,081,00516887,Grant
KS,20,061,00484999,Geary
TX,48,385,01383978,Real
TX,48,153,01383862,Floyd
ID,16,011,00400593,Bingham
IA,19,185,00465281,Wayne
IN,18,031,00450345,Decatur
IA,19,061,00465219,Dubuque
VT,50,007,01461760,Chittenden
IL,17,159,00424281,Richland
IL,17,193,00424297,White
MI,26,107,01622996,Mecosta
WI,55,055,01581087,Jefferson
MI,26,087,01622986,Lapeer
PA,42,105,01213684,Potter
GA,13,281,00351252,Towns
KS,20,105,00485017,Lincoln
VA,51,183,01690257,Sussex
MI,26,165,01623023,Wexford
OR,41,013,01155128,Crook
OR,41,049,01135860,Morrow
IA,19,129,00465253,Mills
SD,46,063,01265792,Harding
OK,40,119,01101847,Payne
MT,30,097,01719569,Sweet Grass
MI,26,127,01623006,Oceana
IA,19,053,00465215,Decatur
GA,13,161,01687999,Jeff Davis
IA,19,041,00465625,Clay
MO,29,075,00758492,Gentry
WY,56,005,01605068,Campbell
WA,53,003,01533502,Asotin
GA,13,043,00342852,Candler
TX,48,451,01384011,Tom Green
OH,39,089,01074057,Licking
IA,19,193,00465285,Woodbury
